number_a,number_b,r_pair_count,r_pair_score
34,44,165.0,1.0
4,11,163.0,0.9726027397260274
6,30,163.0,0.9726027397260274
26,29,162.0,0.958904109589041
4,6,161.0,0.9452054794520548
44,49,159.0,0.9178082191780822
6,22,158.0,0.9041095890410958
18,22,157.0,0.8904109589041096
4,44,157.0,0.8904109589041096
11,32,156.0,0.8767123287671232
4,24,156.0,0.8767123287671232
4,47,156.0,0.8767123287671232
41,49,155.0,0.863013698630137
21,46,154.0,0.8493150684931506
30,34,154.0,0.8493150684931506
1,5,153.0,0.8356164383561644
21,36,153.0,0.8356164383561644
36,37,153.0,0.8356164383561644
37,49,153.0,0.8356164383561644
1,21,152.0,0.821917808219178
11,35,152.0,0.821917808219178
17,35,152.0,0.821917808219178
21,49,152.0,0.821917808219178
34,38,152.0,0.821917808219178
37,44,152.0,0.821917808219178
6,48,152.0,0.821917808219178
8,37,152.0,0.821917808219178
11,34,151.0,0.8082191780821918
11,46,151.0,0.8082191780821918
21,32,151.0,0.8082191780821918
14,29,150.0,0.7945205479452054
21,37,150.0,0.7945205479452054
4,25,150.0,0.7945205479452054
13,34,149.0,0.7808219178082192
15,49,149.0,0.7808219178082192
2,17,149.0,0.7808219178082192
30,42,149.0,0.7808219178082192
5,46,149.0,0.7808219178082192
6,45,149.0,0.7808219178082192
18,49,148.0,0.7671232876712328
2,24,148.0,0.7671232876712328
24,30,148.0,0.7671232876712328
29,43,148.0,0.7671232876712328
33,37,148.0,0.7671232876712328
37,47,148.0,0.7671232876712328
5,28,148.0,0.7671232876712328
21,34,147.0,0.7534246575342466
21,48,147.0,0.7534246575342466
35,37,147.0,0.7534246575342466
43,45,147.0,0.7534246575342466
6,42,147.0,0.7534246575342466
8,29,147.0,0.7534246575342466
8,44,147.0,0.7534246575342466
11,24,146.0,0.7397260273972602
12,19,146.0,0.7397260273972602
16,24,146.0,0.7397260273972602
17,25,146.0,0.7397260273972602
17,33,146.0,0.7397260273972602
24,38,146.0,0.7397260273972602
25,48,146.0,0.7397260273972602
28,45,146.0,0.7397260273972602
4,17,146.0,0.7397260273972602
9,21,146.0,0.7397260273972602
1,11,145.0,0.726027397260274
1,30,145.0,0.726027397260274
12,44,145.0,0.726027397260274
2,37,145.0,0.726027397260274
22,24,145.0,0.726027397260274
28,43,145.0,0.726027397260274
29,32,145.0,0.726027397260274
36,48,145.0,0.726027397260274
37,41,145.0,0.726027397260274
39,44,145.0,0.726027397260274
4,12,145.0,0.726027397260274
4,22,145.0,0.726027397260274
4,42,145.0,0.726027397260274
46,49,145.0,0.726027397260274
5,35,145.0,0.726027397260274
7,26,145.0,0.726027397260274
9,43,145.0,0.726027397260274
1,9,144.0,0.7123287671232876
11,17,144.0,0.7123287671232876
11,44,144.0,0.7123287671232876
14,49,144.0,0.7123287671232876
15,33,144.0,0.7123287671232876
17,18,144.0,0.7123287671232876
19,21,144.0,0.7123287671232876
2,13,144.0,0.7123287671232876
22,29,144.0,0.7123287671232876
22,48,144.0,0.7123287671232876
25,28,144.0,0.7123287671232876
35,47,144.0,0.7123287671232876
38,44,144.0,0.7123287671232876
4,37,144.0,0.7123287671232876
5,9,144.0,0.7123287671232876
6,38,144.0,0.7123287671232876
8,42,144.0,0.7123287671232876
9,28,144.0,0.7123287671232876
1,27,143.0,0.6986301369863014
1,36,143.0,0.6986301369863014
11,21,143.0,0.6986301369863014
12,18,143.0,0.6986301369863014
15,22,143.0,0.6986301369863014
2,34,143.0,0.6986301369863014
20,35,143.0,0.6986301369863014
21,44,143.0,0.6986301369863014
22,25,143.0,0.6986301369863014
24,49,143.0,0.6986301369863014
28,46,143.0,0.6986301369863014
38,42,143.0,0.6986301369863014
4,9,143.0,0.6986301369863014
6,7,143.0,0.6986301369863014
9,20,143.0,0.6986301369863014
10,20,142.0,0.684931506849315
10,33,142.0,0.684931506849315
12,34,142.0,0.684931506849315
12,36,142.0,0.684931506849315
12,37,142.0,0.684931506849315
13,25,142.0,0.684931506849315
14,34,142.0,0.684931506849315
16,34,142.0,0.684931506849315
17,47,142.0,0.684931506849315
17,49,142.0,0.684931506849315
20,39,142.0,0.684931506849315
24,25,142.0,0.684931506849315
28,48,142.0,0.684931506849315
29,30,142.0,0.684931506849315
3,34,142.0,0.684931506849315
33,49,142.0,0.684931506849315
34,40,142.0,0.684931506849315
34,42,142.0,0.684931506849315
34,48,142.0,0.684931506849315
38,48,142.0,0.684931506849315
4,45,142.0,0.684931506849315
42,48,142.0,0.684931506849315
43,46,142.0,0.684931506849315
6,35,142.0,0.684931506849315
6,37,142.0,0.684931506849315
9,17,142.0,0.684931506849315
1,16,141.0,0.6712328767123288
1,17,141.0,0.6712328767123288
11,13,141.0,0.6712328767123288
11,30,141.0,0.6712328767123288
11,36,141.0,0.6712328767123288
11,38,141.0,0.6712328767123288
17,20,141.0,0.6712328767123288
18,23,141.0,0.6712328767123288
2,7,141.0,0.6712328767123288
21,39,141.0,0.6712328767123288
22,38,141.0,0.6712328767123288
24,31,141.0,0.6712328767123288
3,14,141.0,0.6712328767123288
32,44,141.0,0.6712328767123288
35,44,141.0,0.6712328767123288
38,45,141.0,0.6712328767123288
4,48,141.0,0.6712328767123288
42,47,141.0,0.6712328767123288
43,49,141.0,0.6712328767123288
45,48,141.0,0.6712328767123288
5,22,141.0,0.6712328767123288
5,30,141.0,0.6712328767123288
7,48,141.0,0.6712328767123288
8,45,141.0,0.6712328767123288
9,35,141.0,0.6712328767123288
1,24,140.0,0.6575342465753424
1,34,140.0,0.6575342465753424
1,35,140.0,0.6575342465753424
1,37,140.0,0.6575342465753424
1,43,140.0,0.6575342465753424
1,6,140.0,0.6575342465753424
12,22,140.0,0.6575342465753424
13,14,140.0,0.6575342465753424
15,35,140.0,0.6575342465753424
16,32,140.0,0.6575342465753424
16,37,140.0,0.6575342465753424
16,38,140.0,0.6575342465753424
17,21,140.0,0.6575342465753424
17,30,140.0,0.6575342465753424
17,42,140.0,0.6575342465753424
19,32,140.0,0.6575342465753424
19,49,140.0,0.6575342465753424
2,19,140.0,0.6575342465753424
21,23,140.0,0.6575342465753424
21,33,140.0,0.6575342465753424
22,28,140.0,0.6575342465753424
22,42,140.0,0.6575342465753424
24,43,140.0,0.6575342465753424
26,34,140.0,0.6575342465753424
26,47,140.0,0.6575342465753424
44,48,140.0,0.6575342465753424
45,49,140.0,0.6575342465753424
6,24,140.0,0.6575342465753424
7,12,140.0,0.6575342465753424
7,35,140.0,0.6575342465753424
7,45,140.0,0.6575342465753424
8,30,140.0,0.6575342465753424
8,33,140.0,0.6575342465753424
9,31,140.0,0.6575342465753424
9,34,140.0,0.6575342465753424
1,28,139.0,0.6438356164383562
11,15,139.0,0.6438356164383562
12,20,139.0,0.6438356164383562
17,32,139.0,0.6438356164383562
17,44,139.0,0.6438356164383562
2,39,139.0,0.6438356164383562
21,30,139.0,0.6438356164383562
21,42,139.0,0.6438356164383562
24,27,139.0,0.6438356164383562
24,33,139.0,0.6438356164383562
25,34,139.0,0.6438356164383562
27,28,139.0,0.6438356164383562
28,44,139.0,0.6438356164383562
29,47,139.0,0.6438356164383562
29,48,139.0,0.6438356164383562
3,31,139.0,0.6438356164383562
33,46,139.0,0.6438356164383562
38,43,139.0,0.6438356164383562
4,46,139.0,0.6438356164383562
6,49,139.0,0.6438356164383562
9,12,139.0,0.6438356164383562
9,25,139.0,0.6438356164383562
12,30,138.0,0.6301369863013698
12,33,138.0,0.6301369863013698
14,20,138.0,0.6301369863013698
15,40,138.0,0.6301369863013698
16,44,138.0,0.6301369863013698
16,45,138.0,0.6301369863013698
18,27,138.0,0.6301369863013698
19,36,138.0,0.6301369863013698
20,33,138.0,0.6301369863013698
20,48,138.0,0.6301369863013698
21,41,138.0,0.6301369863013698
24,37,138.0,0.6301369863013698
24,42,138.0,0.6301369863013698
25,39,138.0,0.6301369863013698
25,42,138.0,0.6301369863013698
29,34,138.0,0.6301369863013698
30,36,138.0,0.6301369863013698
31,48,138.0,0.6301369863013698
33,44,138.0,0.6301369863013698
35,41,138.0,0.6301369863013698
36,46,138.0,0.6301369863013698
39,48,138.0,0.6301369863013698
4,13,138.0,0.6301369863013698
42,44,138.0,0.6301369863013698
43,44,138.0,0.6301369863013698
5,16,138.0,0.6301369863013698
6,12,138.0,0.6301369863013698
6,33,138.0,0.6301369863013698
8,18,138.0,0.6301369863013698
10,16,137.0,0.6164383561643836
10,46,137.0,0.6164383561643836
11,33,137.0,0.6164383561643836
11,45,137.0,0.6164383561643836
11,48,137.0,0.6164383561643836
14,23,137.0,0.6164383561643836
14,26,137.0,0.6164383561643836
15,34,137.0,0.6164383561643836
16,49,137.0,0.6164383561643836
17,37,137.0,0.6164383561643836
17,46,137.0,0.6164383561643836
18,34,137.0,0.6164383561643836
20,49,137.0,0.6164383561643836
22,49,137.0,0.6164383561643836
23,42,137.0,0.6164383561643836
26,37,137.0,0.6164383561643836
29,42,137.0,0.6164383561643836
30,33,137.0,0.6164383561643836
36,42,137.0,0.6164383561643836
37,48,137.0,0.6164383561643836
39,43,137.0,0.6164383561643836
39,49,137.0,0.6164383561643836
4,15,137.0,0.6164383561643836
4,28,137.0,0.6164383561643836
5,27,137.0,0.6164383561643836
5,45,137.0,0.6164383561643836
6,40,137.0,0.6164383561643836
8,34,137.0,0.6164383561643836
8,38,137.0,0.6164383561643836
9,38,137.0,0.6164383561643836
1,29,136.0,0.6027397260273972
10,35,136.0,0.6027397260273972
10,44,136.0,0.6027397260273972
10,49,136.0,0.6027397260273972
11,26,136.0,0.6027397260273972
11,37,136.0,0.6027397260273972
12,17,136.0,0.6027397260273972
14,44,136.0,0.6027397260273972
15,26,136.0,0.6027397260273972
2,22,136.0,0.6027397260273972
2,42,136.0,0.6027397260273972
20,25,136.0,0.6027397260273972
21,22,136.0,0.6027397260273972
21,47,136.0,0.6027397260273972
22,26,136.0,0.6027397260273972
22,36,136.0,0.6027397260273972
22,37,136.0,0.6027397260273972
22,44,136.0,0.6027397260273972
23,28,136.0,0.6027397260273972
25,29,136.0,0.6027397260273972
25,38,136.0,0.6027397260273972
26,28,136.0,0.6027397260273972
28,29,136.0,0.6027397260273972
29,37,136.0,0.6027397260273972
32,39,136.0,0.6027397260273972
33,47,136.0,0.6027397260273972
4,19,136.0,0.6027397260273972
4,20,136.0,0.6027397260273972
4,8,136.0,0.6027397260273972
42,49,136.0,0.6027397260273972
45,46,136.0,0.6027397260273972
47,48,136.0,0.6027397260273972
5,20,136.0,0.6027397260273972
6,11,136.0,0.6027397260273972
6,13,136.0,0.6027397260273972
6,8,136.0,0.6027397260273972
7,14,136.0,0.6027397260273972
8,25,136.0,0.6027397260273972
10,48,135.0,0.589041095890411
12,21,135.0,0.589041095890411
13,23,135.0,0.589041095890411
13,46,135.0,0.589041095890411
14,31,135.0,0.589041095890411
14,36,135.0,0.589041095890411
15,36,135.0,0.589041095890411
18,21,135.0,0.589041095890411
19,27,135.0,0.589041095890411
2,29,135.0,0.589041095890411
2,40,135.0,0.589041095890411
20,38,135.0,0.589041095890411
21,38,135.0,0.589041095890411
23,34,135.0,0.589041095890411
23,45,135.0,0.589041095890411
25,45,135.0,0.589041095890411
27,36,135.0,0.589041095890411
28,35,135.0,0.589041095890411
28,49,135.0,0.589041095890411
3,4,135.0,0.589041095890411
30,46,135.0,0.589041095890411
30,48,135.0,0.589041095890411
32,37,135.0,0.589041095890411
34,49,135.0,0.589041095890411
39,45,135.0,0.589041095890411
4,16,135.0,0.589041095890411
4,21,135.0,0.589041095890411
43,48,135.0,0.589041095890411
46,48,135.0,0.589041095890411
6,46,135.0,0.589041095890411
7,34,135.0,0.589041095890411
7,49,135.0,0.589041095890411
8,46,135.0,0.589041095890411
9,14,135.0,0.589041095890411
9,22,135.0,0.589041095890411
1,33,134.0,0.5753424657534246
11,43,134.0,0.5753424657534246
11,49,134.0,0.5753424657534246
12,27,134.0,0.5753424657534246
12,31,134.0,0.5753424657534246
12,43,134.0,0.5753424657534246
13,17,134.0,0.5753424657534246
13,42,134.0,0.5753424657534246
14,48,134.0,0.5753424657534246
17,24,134.0,0.5753424657534246
17,34,134.0,0.5753424657534246
18,31,134.0,0.5753424657534246
19,23,134.0,0.5753424657534246
2,25,134.0,0.5753424657534246
2,9,134.0,0.5753424657534246
20,28,134.0,0.5753424657534246
20,44,134.0,0.5753424657534246
22,46,134.0,0.5753424657534246
24,34,134.0,0.5753424657534246
26,32,134.0,0.5753424657534246
27,49,134.0,0.5753424657534246
28,42,134.0,0.5753424657534246
29,35,134.0,0.5753424657534246
3,15,134.0,0.5753424657534246
3,28,134.0,0.5753424657534246
3,44,134.0,0.5753424657534246
33,39,134.0,0.5753424657534246
38,40,134.0,0.5753424657534246
39,46,134.0,0.5753424657534246
41,45,134.0,0.5753424657534246
44,47,134.0,0.5753424657534246
5,48,134.0,0.5753424657534246
7,8,134.0,0.5753424657534246
8,14,134.0,0.5753424657534246
8,28,134.0,0.5753424657534246
8,39,134.0,0.5753424657534246
8,48,134.0,0.5753424657534246
9,36,134.0,0.5753424657534246
1,25,133.0,0.5616438356164384
1,8,133.0,0.5616438356164384
10,21,133.0,0.5616438356164384
10,47,133.0,0.5616438356164384
11,27,133.0,0.5616438356164384
12,15,133.0,0.5616438356164384
12,26,133.0,0.5616438356164384
12,48,133.0,0.5616438356164384
12,49,133.0,0.5616438356164384
13,16,133.0,0.5616438356164384
13,36,133.0,0.5616438356164384
14,21,133.0,0.5616438356164384
14,35,133.0,0.5616438356164384
15,17,133.0,0.5616438356164384
15,25,133.0,0.5616438356164384
17,31,133.0,0.5616438356164384
18,46,133.0,0.5616438356164384
19,33,133.0,0.5616438356164384
2,31,133.0,0.5616438356164384
20,29,133.0,0.5616438356164384
23,27,133.0,0.5616438356164384
25,33,133.0,0.5616438356164384
27,44,133.0,0.5616438356164384
28,37,133.0,0.5616438356164384
29,38,133.0,0.5616438356164384
3,26,133.0,0.5616438356164384
32,36,133.0,0.5616438356164384
34,37,133.0,0.5616438356164384
35,40,133.0,0.5616438356164384
41,43,133.0,0.5616438356164384
48,49,133.0,0.5616438356164384
5,34,133.0,0.5616438356164384
5,37,133.0,0.5616438356164384
5,7,133.0,0.5616438356164384
6,21,133.0,0.5616438356164384
7,10,133.0,0.5616438356164384
7,30,133.0,0.5616438356164384
8,35,133.0,0.5616438356164384
8,41,133.0,0.5616438356164384
9,19,133.0,0.5616438356164384
9,29,133.0,0.5616438356164384
9,46,133.0,0.5616438356164384
1,46,132.0,0.547945205479452
1,7,132.0,0.547945205479452
12,29,132.0,0.547945205479452
12,35,132.0,0.547945205479452
13,32,132.0,0.547945205479452
13,35,132.0,0.547945205479452
15,28,132.0,0.547945205479452
15,45,132.0,0.547945205479452
17,19,132.0,0.547945205479452
17,22,132.0,0.547945205479452
17,48,132.0,0.547945205479452
18,36,132.0,0.547945205479452
19,44,132.0,0.547945205479452
2,12,132.0,0.547945205479452
21,28,132.0,0.547945205479452
22,32,132.0,0.547945205479452
24,48,132.0,0.547945205479452
25,26,132.0,0.547945205479452
25,44,132.0,0.547945205479452
26,40,132.0,0.547945205479452
26,46,132.0,0.547945205479452
29,36,132.0,0.547945205479452
29,40,132.0,0.547945205479452
29,44,132.0,0.547945205479452
30,43,132.0,0.547945205479452
31,34,132.0,0.547945205479452
32,38,132.0,0.547945205479452
33,43,132.0,0.547945205479452
36,45,132.0,0.547945205479452
39,40,132.0,0.547945205479452
4,38,132.0,0.547945205479452
6,19,132.0,0.547945205479452
6,29,132.0,0.547945205479452
6,47,132.0,0.547945205479452
7,44,132.0,0.547945205479452
8,22,132.0,0.547945205479452
9,10,132.0,0.547945205479452
9,11,132.0,0.547945205479452
9,13,132.0,0.547945205479452
9,30,132.0,0.547945205479452
1,48,131.0,0.5342465753424658
10,39,131.0,0.5342465753424658
12,14,131.0,0.5342465753424658
14,19,131.0,0.5342465753424658
15,39,131.0,0.5342465753424658
16,30,131.0,0.5342465753424658
17,40,131.0,0.5342465753424658
2,30,131.0,0.5342465753424658
2,38,131.0,0.5342465753424658
20,45,131.0,0.5342465753424658
21,24,131.0,0.5342465753424658
22,31,131.0,0.5342465753424658
24,28,131.0,0.5342465753424658
24,46,131.0,0.5342465753424658
26,30,131.0,0.5342465753424658
27,31,131.0,0.5342465753424658
27,47,131.0,0.5342465753424658
3,35,131.0,0.5342465753424658
3,9,131.0,0.5342465753424658
31,41,131.0,0.5342465753424658
31,44,131.0,0.5342465753424658
32,41,131.0,0.5342465753424658
33,42,131.0,0.5342465753424658
37,46,131.0,0.5342465753424658
4,27,131.0,0.5342465753424658
4,30,131.0,0.5342465753424658
4,34,131.0,0.5342465753424658
4,40,131.0,0.5342465753424658
4,5,131.0,0.5342465753424658
5,15,131.0,0.5342465753424658
5,29,131.0,0.5342465753424658
5,36,131.0,0.5342465753424658
5,44,131.0,0.5342465753424658
6,17,131.0,0.5342465753424658
6,18,131.0,0.5342465753424658
6,39,131.0,0.5342465753424658
7,13,131.0,0.5342465753424658
7,20,131.0,0.5342465753424658
7,24,131.0,0.5342465753424658
1,10,130.0,0.5205479452054794
1,14,130.0,0.5205479452054794
1,15,130.0,0.5205479452054794
10,45,130.0,0.5205479452054794
12,38,130.0,0.5205479452054794
13,29,130.0,0.5205479452054794
13,43,130.0,0.5205479452054794
13,45,130.0,0.5205479452054794
14,28,130.0,0.5205479452054794
15,18,130.0,0.5205479452054794
15,21,130.0,0.5205479452054794
17,23,130.0,0.5205479452054794
19,40,130.0,0.5205479452054794
2,11,130.0,0.5205479452054794
2,44,130.0,0.5205479452054794
20,21,130.0,0.5205479452054794
20,32,130.0,0.5205479452054794
20,37,130.0,0.5205479452054794
22,47,130.0,0.5205479452054794
26,31,130.0,0.5205479452054794
26,38,130.0,0.5205479452054794
27,37,130.0,0.5205479452054794
27,39,130.0,0.5205479452054794
28,30,130.0,0.5205479452054794
28,32,130.0,0.5205479452054794
3,11,130.0,0.5205479452054794
3,37,130.0,0.5205479452054794
30,37,130.0,0.5205479452054794
30,44,130.0,0.5205479452054794
32,43,130.0,0.5205479452054794
32,47,130.0,0.5205479452054794
34,36,130.0,0.5205479452054794
34,46,130.0,0.5205479452054794
35,48,130.0,0.5205479452054794
39,41,130.0,0.5205479452054794
4,33,130.0,0.5205479452054794
40,49,130.0,0.5205479452054794
44,46,130.0,0.5205479452054794
5,6,130.0,0.5205479452054794
6,16,130.0,0.5205479452054794
6,44,130.0,0.5205479452054794
7,17,130.0,0.5205479452054794
7,9,130.0,0.5205479452054794
8,16,130.0,0.5205479452054794
8,17,130.0,0.5205479452054794
9,15,130.0,0.5205479452054794
9,24,130.0,0.5205479452054794
1,39,129.0,0.5068493150684932
10,28,129.0,0.5068493150684932
10,32,129.0,0.5068493150684932
11,22,129.0,0.5068493150684932
11,42,129.0,0.5068493150684932
12,24,129.0,0.5068493150684932
13,20,129.0,0.5068493150684932
13,28,129.0,0.5068493150684932
14,42,129.0,0.5068493150684932
15,27,129.0,0.5068493150684932
15,38,129.0,0.5068493150684932
15,47,129.0,0.5068493150684932
16,17,129.0,0.5068493150684932
18,48,129.0,0.5068493150684932
2,16,129.0,0.5068493150684932
2,35,129.0,0.5068493150684932
20,22,129.0,0.5068493150684932
20,26,129.0,0.5068493150684932
20,27,129.0,0.5068493150684932
20,46,129.0,0.5068493150684932
24,29,129.0,0.5068493150684932
28,34,129.0,0.5068493150684932
29,31,129.0,0.5068493150684932
29,46,129.0,0.5068493150684932
3,13,129.0,0.5068493150684932
3,23,129.0,0.5068493150684932
3,33,129.0,0.5068493150684932
3,42,129.0,0.5068493150684932
3,8,129.0,0.5068493150684932
31,45,129.0,0.5068493150684932
32,45,129.0,0.5068493150684932
38,49,129.0,0.5068493150684932
42,43,129.0,0.5068493150684932
5,10,129.0,0.5068493150684932
5,24,129.0,0.5068493150684932
7,33,129.0,0.5068493150684932
7,46,129.0,0.5068493150684932
8,24,129.0,0.5068493150684932
1,32,128.0,0.4931506849315068
1,42,128.0,0.4931506849315068
1,47,128.0,0.4931506849315068
10,15,128.0,0.4931506849315068
10,25,128.0,0.4931506849315068
12,16,128.0,0.4931506849315068
12,39,128.0,0.4931506849315068
12,46,128.0,0.4931506849315068
12,47,128.0,0.4931506849315068
14,27,128.0,0.4931506849315068
16,18,128.0,0.4931506849315068
17,38,128.0,0.4931506849315068
19,25,128.0,0.4931506849315068
19,39,128.0,0.4931506849315068
2,23,128.0,0.4931506849315068
2,8,128.0,0.4931506849315068
20,31,128.0,0.4931506849315068
21,25,128.0,0.4931506849315068
22,30,128.0,0.4931506849315068
22,34,128.0,0.4931506849315068
26,33,128.0,0.4931506849315068
26,35,128.0,0.4931506849315068
27,35,128.0,0.4931506849315068
27,38,128.0,0.4931506849315068
29,39,128.0,0.4931506849315068
3,45,128.0,0.4931506849315068
3,48,128.0,0.4931506849315068
35,36,128.0,0.4931506849315068
35,42,128.0,0.4931506849315068
35,43,128.0,0.4931506849315068
47,49,128.0,0.4931506849315068
7,21,128.0,0.4931506849315068
8,10,128.0,0.4931506849315068
8,21,128.0,0.4931506849315068
8,9,128.0,0.4931506849315068
1,4,127.0,0.4794520547945205
10,41,127.0,0.4794520547945205
10,43,127.0,0.4794520547945205
11,12,127.0,0.4794520547945205
11,41,127.0,0.4794520547945205
13,47,127.0,0.4794520547945205
14,46,127.0,0.4794520547945205
15,37,127.0,0.4794520547945205
17,28,127.0,0.4794520547945205
18,26,127.0,0.4794520547945205
18,28,127.0,0.4794520547945205
18,38,127.0,0.4794520547945205
18,41,127.0,0.4794520547945205
19,34,127.0,0.4794520547945205
2,21,127.0,0.4794520547945205
2,3,127.0,0.4794520547945205
2,45,127.0,0.4794520547945205
20,30,127.0,0.4794520547945205
20,43,127.0,0.4794520547945205
21,29,127.0,0.4794520547945205
21,40,127.0,0.4794520547945205
21,45,127.0,0.4794520547945205
23,26,127.0,0.4794520547945205
24,45,127.0,0.4794520547945205
26,27,127.0,0.4794520547945205
28,36,127.0,0.4794520547945205
3,12,127.0,0.4794520547945205
3,6,127.0,0.4794520547945205
30,49,127.0,0.4794520547945205
33,41,127.0,0.4794520547945205
36,47,127.0,0.4794520547945205
4,43,127.0,0.4794520547945205
40,41,127.0,0.4794520547945205
40,44,127.0,0.4794520547945205
41,46,127.0,0.4794520547945205
44,45,127.0,0.4794520547945205
5,26,127.0,0.4794520547945205
6,14,127.0,0.4794520547945205
6,27,127.0,0.4794520547945205
7,25,127.0,0.4794520547945205
8,12,127.0,0.4794520547945205
8,47,127.0,0.4794520547945205
10,11,126.0,0.4657534246575342
11,47,126.0,0.4657534246575342
13,15,126.0,0.4657534246575342
13,27,126.0,0.4657534246575342
13,41,126.0,0.4657534246575342
15,30,126.0,0.4657534246575342
15,31,126.0,0.4657534246575342
16,19,126.0,0.4657534246575342
16,25,126.0,0.4657534246575342
18,44,126.0,0.4657534246575342
19,42,126.0,0.4657534246575342
2,49,126.0,0.4657534246575342
22,41,126.0,0.4657534246575342
26,44,126.0,0.4657534246575342
29,41,126.0,0.4657534246575342
3,29,126.0,0.4657534246575342
34,47,126.0,0.4657534246575342
4,31,126.0,0.4657534246575342
42,46,126.0,0.4657534246575342
43,47,126.0,0.4657534246575342
5,17,126.0,0.4657534246575342
5,43,126.0,0.4657534246575342
6,34,126.0,0.4657534246575342
7,28,126.0,0.4657534246575342
8,13,126.0,0.4657534246575342
8,15,126.0,0.4657534246575342
8,20,126.0,0.4657534246575342
8,32,126.0,0.4657534246575342
8,36,126.0,0.4657534246575342
9,26,126.0,0.4657534246575342
9,37,126.0,0.4657534246575342
9,47,126.0,0.4657534246575342
10,17,125.0,0.4520547945205479
11,25,125.0,0.4520547945205479
11,28,125.0,0.4520547945205479
11,40,125.0,0.4520547945205479
12,23,125.0,0.4520547945205479
13,18,125.0,0.4520547945205479
13,21,125.0,0.4520547945205479
14,32,125.0,0.4520547945205479
15,23,125.0,0.4520547945205479
16,33,125.0,0.4520547945205479
18,30,125.0,0.4520547945205479
19,28,125.0,0.4520547945205479
2,14,125.0,0.4520547945205479
2,28,125.0,0.4520547945205479
20,34,125.0,0.4520547945205479
22,33,125.0,0.4520547945205479
23,29,125.0,0.4520547945205479
23,40,125.0,0.4520547945205479
23,48,125.0,0.4520547945205479
25,43,125.0,0.4520547945205479
25,46,125.0,0.4520547945205479
26,39,125.0,0.4520547945205479
26,42,125.0,0.4520547945205479
27,29,125.0,0.4520547945205479
29,45,125.0,0.4520547945205479
31,35,125.0,0.4520547945205479
35,46,125.0,0.4520547945205479
37,38,125.0,0.4520547945205479
37,42,125.0,0.4520547945205479
39,47,125.0,0.4520547945205479
6,10,125.0,0.4520547945205479
9,16,125.0,0.4520547945205479
9,42,125.0,0.4520547945205479
1,13,124.0,0.4383561643835616
1,45,124.0,0.4383561643835616
10,22,124.0,0.4383561643835616
10,24,124.0,0.4383561643835616
10,26,124.0,0.4383561643835616
11,18,124.0,0.4383561643835616
11,39,124.0,0.4383561643835616
13,33,124.0,0.4383561643835616
14,40,124.0,0.4383561643835616
15,43,124.0,0.4383561643835616
16,29,124.0,0.4383561643835616
2,6,124.0,0.4383561643835616
23,25,124.0,0.4383561643835616
25,27,124.0,0.4383561643835616
25,32,124.0,0.4383561643835616
25,36,124.0,0.4383561643835616
26,45,124.0,0.4383561643835616
3,19,124.0,0.4383561643835616
3,5,124.0,0.4383561643835616
30,38,124.0,0.4383561643835616
31,46,124.0,0.4383561643835616
32,33,124.0,0.4383561643835616
32,34,124.0,0.4383561643835616
34,35,124.0,0.4383561643835616
34,43,124.0,0.4383561643835616
36,41,124.0,0.4383561643835616
36,49,124.0,0.4383561643835616
4,29,124.0,0.4383561643835616
4,49,124.0,0.4383561643835616
46,47,124.0,0.4383561643835616
5,21,124.0,0.4383561643835616
5,25,124.0,0.4383561643835616
5,40,124.0,0.4383561643835616
6,15,124.0,0.4383561643835616
6,31,124.0,0.4383561643835616
6,32,124.0,0.4383561643835616
7,39,124.0,0.4383561643835616
8,49,124.0,0.4383561643835616
9,33,124.0,0.4383561643835616
9,48,124.0,0.4383561643835616
1,2,123.0,0.4246575342465753
1,3,123.0,0.4246575342465753
1,38,123.0,0.4246575342465753
1,40,123.0,0.4246575342465753
15,24,123.0,0.4246575342465753
18,35,123.0,0.4246575342465753
18,43,123.0,0.4246575342465753
18,47,123.0,0.4246575342465753
19,29,123.0,0.4246575342465753
19,38,123.0,0.4246575342465753
2,32,123.0,0.4246575342465753
20,40,123.0,0.4246575342465753
21,26,123.0,0.4246575342465753
22,39,123.0,0.4246575342465753
23,24,123.0,0.4246575342465753
23,38,123.0,0.4246575342465753
24,44,123.0,0.4246575342465753
26,41,123.0,0.4246575342465753
26,48,123.0,0.4246575342465753
3,10,123.0,0.4246575342465753
30,32,123.0,0.4246575342465753
30,45,123.0,0.4246575342465753
33,48,123.0,0.4246575342465753
38,39,123.0,0.4246575342465753
39,42,123.0,0.4246575342465753
5,11,123.0,0.4246575342465753
5,12,123.0,0.4246575342465753
6,25,123.0,0.4246575342465753
7,23,123.0,0.4246575342465753
7,36,123.0,0.4246575342465753
7,43,123.0,0.4246575342465753
9,40,123.0,0.4246575342465753
9,45,123.0,0.4246575342465753
1,12,122.0,0.410958904109589
10,27,122.0,0.410958904109589
10,37,122.0,0.410958904109589
13,19,122.0,0.410958904109589
13,24,122.0,0.410958904109589
13,44,122.0,0.410958904109589
16,27,122.0,0.410958904109589
16,28,122.0,0.410958904109589
16,35,122.0,0.410958904109589
16,36,122.0,0.410958904109589
16,46,122.0,0.410958904109589
18,29,122.0,0.410958904109589
2,18,122.0,0.410958904109589
20,36,122.0,0.410958904109589
23,47,122.0,0.410958904109589
25,47,122.0,0.410958904109589
26,49,122.0,0.410958904109589
27,41,122.0,0.410958904109589
27,45,122.0,0.410958904109589
3,47,122.0,0.410958904109589
30,39,122.0,0.410958904109589
30,47,122.0,0.410958904109589
31,39,122.0,0.410958904109589
33,34,122.0,0.410958904109589
36,43,122.0,0.410958904109589
37,40,122.0,0.410958904109589
38,47,122.0,0.410958904109589
4,35,122.0,0.410958904109589
41,44,122.0,0.410958904109589
45,47,122.0,0.410958904109589
5,42,122.0,0.410958904109589
5,49,122.0,0.410958904109589
6,26,122.0,0.410958904109589
7,15,122.0,0.410958904109589
7,47,122.0,0.410958904109589
9,18,122.0,0.410958904109589
9,44,122.0,0.410958904109589
1,18,121.0,0.3972602739726027
1,49,121.0,0.3972602739726027
11,16,121.0,0.3972602739726027
11,19,121.0,0.3972602739726027
11,23,121.0,0.3972602739726027
14,17,121.0,0.3972602739726027
14,47,121.0,0.3972602739726027
16,31,121.0,0.3972602739726027
16,43,121.0,0.3972602739726027
16,47,121.0,0.3972602739726027
18,32,121.0,0.3972602739726027
19,37,121.0,0.3972602739726027
2,10,121.0,0.3972602739726027
20,42,121.0,0.3972602739726027
21,27,121.0,0.3972602739726027
24,39,121.0,0.3972602739726027
25,31,121.0,0.3972602739726027
25,37,121.0,0.3972602739726027
27,34,121.0,0.3972602739726027
3,43,121.0,0.3972602739726027
32,48,121.0,0.3972602739726027
35,39,121.0,0.3972602739726027
40,45,121.0,0.3972602739726027
40,47,121.0,0.3972602739726027
1,26,120.0,0.3835616438356164
10,14,120.0,0.3835616438356164
10,18,120.0,0.3835616438356164
10,29,120.0,0.3835616438356164
13,37,120.0,0.3835616438356164
13,39,120.0,0.3835616438356164
14,18,120.0,0.3835616438356164
14,25,120.0,0.3835616438356164
15,48,120.0,0.3835616438356164
17,41,120.0,0.3835616438356164
18,42,120.0,0.3835616438356164
18,45,120.0,0.3835616438356164
19,45,120.0,0.3835616438356164
2,4,120.0,0.3835616438356164
20,23,120.0,0.3835616438356164
22,27,120.0,0.3835616438356164
23,30,120.0,0.3835616438356164
24,41,120.0,0.3835616438356164
25,49,120.0,0.3835616438356164
26,43,120.0,0.3835616438356164
27,46,120.0,0.3835616438356164
3,32,120.0,0.3835616438356164
31,36,120.0,0.3835616438356164
31,37,120.0,0.3835616438356164
31,38,120.0,0.3835616438356164
31,43,120.0,0.3835616438356164
32,35,120.0,0.3835616438356164
33,45,120.0,0.3835616438356164
34,41,120.0,0.3835616438356164
35,49,120.0,0.3835616438356164
41,47,120.0,0.3835616438356164
5,13,120.0,0.3835616438356164
6,36,120.0,0.3835616438356164
6,9,120.0,0.3835616438356164
7,27,120.0,0.3835616438356164
7,41,120.0,0.3835616438356164
8,26,120.0,0.3835616438356164
1,44,119.0,0.3698630136986301
10,13,119.0,0.3698630136986301
11,20,119.0,0.3698630136986301
12,45,119.0,0.3698630136986301
15,44,119.0,0.3698630136986301
18,39,119.0,0.3698630136986301
2,46,119.0,0.3698630136986301
2,5,119.0,0.3698630136986301
20,24,119.0,0.3698630136986301
22,35,119.0,0.3698630136986301
22,40,119.0,0.3698630136986301
28,33,119.0,0.3698630136986301
28,47,119.0,0.3698630136986301
3,36,119.0,0.3698630136986301
3,49,119.0,0.3698630136986301
31,40,119.0,0.3698630136986301
35,45,119.0,0.3698630136986301
36,39,119.0,0.3698630136986301
37,43,119.0,0.3698630136986301
37,45,119.0,0.3698630136986301
4,26,119.0,0.3698630136986301
4,32,119.0,0.3698630136986301
40,48,119.0,0.3698630136986301
41,42,119.0,0.3698630136986301
5,33,119.0,0.3698630136986301
7,22,119.0,0.3698630136986301
7,37,119.0,0.3698630136986301
7,38,119.0,0.3698630136986301
7,40,119.0,0.3698630136986301
8,11,119.0,0.3698630136986301
10,30,118.0,0.3561643835616438
11,14,118.0,0.3561643835616438
12,25,118.0,0.3561643835616438
12,40,118.0,0.3561643835616438
13,38,118.0,0.3561643835616438
14,24,118.0,0.3561643835616438
14,30,118.0,0.3561643835616438
15,19,118.0,0.3561643835616438
15,41,118.0,0.3561643835616438
16,40,118.0,0.3561643835616438
16,42,118.0,0.3561643835616438
17,27,118.0,0.3561643835616438
17,45,118.0,0.3561643835616438
18,40,118.0,0.3561643835616438
19,26,118.0,0.3561643835616438
2,15,118.0,0.3561643835616438
2,20,118.0,0.3561643835616438
22,43,118.0,0.3561643835616438
23,33,118.0,0.3561643835616438
23,44,118.0,0.3561643835616438
23,46,118.0,0.3561643835616438
23,49,118.0,0.3561643835616438
27,42,118.0,0.3561643835616438
3,20,118.0,0.3561643835616438
31,32,118.0,0.3561643835616438
36,38,118.0,0.3561643835616438
37,39,118.0,0.3561643835616438
4,23,118.0,0.3561643835616438
4,7,118.0,0.3561643835616438
5,19,118.0,0.3561643835616438
5,47,118.0,0.3561643835616438
5,8,118.0,0.3561643835616438
7,11,118.0,0.3561643835616438
7,32,118.0,0.3561643835616438
8,19,118.0,0.3561643835616438
8,31,118.0,0.3561643835616438
10,36,117.0,0.3424657534246575
13,30,117.0,0.3424657534246575
13,48,117.0,0.3424657534246575
15,20,117.0,0.3424657534246575
15,29,117.0,0.3424657534246575
16,21,117.0,0.3424657534246575
16,23,117.0,0.3424657534246575
17,43,117.0,0.3424657534246575
2,27,117.0,0.3424657534246575
2,33,117.0,0.3424657534246575
23,35,117.0,0.3424657534246575
24,35,117.0,0.3424657534246575
24,40,117.0,0.3424657534246575
3,17,117.0,0.3424657534246575
3,30,117.0,0.3424657534246575
30,35,117.0,0.3424657534246575
4,36,117.0,0.3424657534246575
4,39,117.0,0.3424657534246575
1,19,116.0,0.3287671232876712
1,41,116.0,0.3287671232876712
10,40,116.0,0.3287671232876712
10,42,116.0,0.3287671232876712
14,38,116.0,0.3287671232876712
15,16,116.0,0.3287671232876712
16,39,116.0,0.3287671232876712
19,43,116.0,0.3287671232876712
21,43,116.0,0.3287671232876712
25,41,116.0,0.3287671232876712
27,30,116.0,0.3287671232876712
27,33,116.0,0.3287671232876712
28,31,116.0,0.3287671232876712
28,38,116.0,0.3287671232876712
31,47,116.0,0.3287671232876712
31,49,116.0,0.3287671232876712
32,49,116.0,0.3287671232876712
4,41,116.0,0.3287671232876712
5,14,116.0,0.3287671232876712
7,16,116.0,0.3287671232876712
8,43,116.0,0.3287671232876712
10,23,115.0,0.3150684931506849
12,28,115.0,0.3150684931506849
12,32,115.0,0.3150684931506849
12,41,115.0,0.3150684931506849
17,36,115.0,0.3150684931506849
19,22,115.0,0.3150684931506849
19,35,115.0,0.3150684931506849
19,41,115.0,0.3150684931506849
19,46,115.0,0.3150684931506849
19,47,115.0,0.3150684931506849
19,48,115.0,0.3150684931506849
21,35,115.0,0.3150684931506849
23,39,115.0,0.3150684931506849
25,30,115.0,0.3150684931506849
28,41,115.0,0.3150684931506849
29,33,115.0,0.3150684931506849
3,18,115.0,0.3150684931506849
3,21,115.0,0.3150684931506849
3,22,115.0,0.3150684931506849
3,39,115.0,0.3150684931506849
3,7,115.0,0.3150684931506849
30,31,115.0,0.3150684931506849
35,38,115.0,0.3150684931506849
38,41,115.0,0.3150684931506849
40,42,115.0,0.3150684931506849
5,39,115.0,0.3150684931506849
7,29,115.0,0.3150684931506849
9,49,115.0,0.3150684931506849
10,19,114.0,0.3013698630136986
13,22,114.0,0.3013698630136986
14,22,114.0,0.3013698630136986
14,37,114.0,0.3013698630136986
16,41,114.0,0.3013698630136986
25,35,114.0,0.3013698630136986
27,43,114.0,0.3013698630136986
30,41,114.0,0.3013698630136986
31,33,114.0,0.3013698630136986
32,46,114.0,0.3013698630136986
33,36,114.0,0.3013698630136986
41,48,114.0,0.3013698630136986
42,45,114.0,0.3013698630136986
6,20,114.0,0.3013698630136986
7,31,114.0,0.3013698630136986
9,23,114.0,0.3013698630136986
9,41,114.0,0.3013698630136986
1,31,113.0,0.2876712328767123
14,16,113.0,0.2876712328767123
16,20,113.0,0.2876712328767123
16,48,113.0,0.2876712328767123
17,29,113.0,0.2876712328767123
18,25,113.0,0.2876712328767123
19,30,113.0,0.2876712328767123
2,43,113.0,0.2876712328767123
22,45,113.0,0.2876712328767123
23,41,113.0,0.2876712328767123
28,39,113.0,0.2876712328767123
29,49,113.0,0.2876712328767123
3,38,113.0,0.2876712328767123
34,39,113.0,0.2876712328767123
40,43,113.0,0.2876712328767123
6,23,113.0,0.2876712328767123
6,28,113.0,0.2876712328767123
6,43,113.0,0.2876712328767123
9,32,113.0,0.2876712328767123
9,39,113.0,0.2876712328767123
10,12,112.0,0.273972602739726
10,38,112.0,0.273972602739726
11,31,112.0,0.273972602739726
14,41,112.0,0.273972602739726
18,37,112.0,0.273972602739726
2,41,112.0,0.273972602739726
23,36,112.0,0.273972602739726
23,37,112.0,0.273972602739726
3,40,112.0,0.273972602739726
30,40,112.0,0.273972602739726
33,35,112.0,0.273972602739726
5,23,112.0,0.273972602739726
5,38,112.0,0.273972602739726
5,41,112.0,0.273972602739726
7,42,112.0,0.273972602739726
10,31,111.0,0.2602739726027397
10,34,111.0,0.2602739726027397
13,26,111.0,0.2602739726027397
14,43,111.0,0.2602739726027397
14,45,111.0,0.2602739726027397
17,39,111.0,0.2602739726027397
19,24,111.0,0.2602739726027397
2,36,111.0,0.2602739726027397
2,48,111.0,0.2602739726027397
25,40,111.0,0.2602739726027397
3,25,111.0,0.2602739726027397
6,41,111.0,0.2602739726027397
1,23,110.0,0.2465753424657534
12,13,110.0,0.2465753424657534
13,49,110.0,0.2465753424657534
18,24,110.0,0.2465753424657534
18,33,110.0,0.2465753424657534
24,32,110.0,0.2465753424657534
27,40,110.0,0.2465753424657534
3,27,110.0,0.2465753424657534
3,41,110.0,0.2465753424657534
34,45,110.0,0.2465753424657534
5,31,110.0,0.2465753424657534
13,31,109.0,0.2328767123287671
16,26,109.0,0.2328767123287671
19,20,109.0,0.2328767123287671
2,26,109.0,0.2328767123287671
20,47,109.0,0.2328767123287671
21,31,109.0,0.2328767123287671
23,43,109.0,0.2328767123287671
32,40,109.0,0.2328767123287671
33,40,109.0,0.2328767123287671
36,40,109.0,0.2328767123287671
38,46,109.0,0.2328767123287671
9,27,109.0,0.2328767123287671
1,20,108.0,0.2191780821917808
18,19,108.0,0.2191780821917808
24,36,108.0,0.2191780821917808
26,36,108.0,0.2191780821917808
32,42,108.0,0.2191780821917808
33,38,108.0,0.2191780821917808
36,44,108.0,0.2191780821917808
4,14,108.0,0.2191780821917808
4,18,108.0,0.2191780821917808
40,46,108.0,0.2191780821917808
8,40,108.0,0.2191780821917808
14,15,107.0,0.2054794520547945
15,46,107.0,0.2054794520547945
22,23,107.0,0.2054794520547945
24,26,107.0,0.2054794520547945
27,48,107.0,0.2054794520547945
31,42,107.0,0.2054794520547945
5,32,107.0,0.2054794520547945
8,27,107.0,0.2054794520547945
11,29,106.0,0.1917808219178082
17,26,106.0,0.1917808219178082
27,32,106.0,0.1917808219178082
7,19,106.0,0.1917808219178082
8,23,106.0,0.1917808219178082
14,33,105.0,0.1780821917808219
14,39,105.0,0.1780821917808219
18,20,105.0,0.1780821917808219
19,31,105.0,0.1780821917808219
23,31,105.0,0.1780821917808219
23,32,105.0,0.1780821917808219
28,40,105.0,0.1780821917808219
3,46,105.0,0.1780821917808219
4,10,105.0,0.1780821917808219
7,18,105.0,0.1780821917808219
15,32,104.0,0.1643835616438356
15,42,103.0,0.1506849315068493
16,22,103.0,0.1506849315068493
3,24,103.0,0.1506849315068493
1,22,102.0,0.136986301369863
12,42,102.0,0.136986301369863
3,16,102.0,0.136986301369863
2,47,101.0,0.1232876712328767
20,41,100.0,0.1095890410958904
5,18,99.0,0.0958904109589041
13,40,97.0,0.0684931506849315
24,47,92.0,0.0
