pair,n1,n2,count,recent_count,last_seen_index,gap,frequency_score,recency_score,overdue_score,pair_score,watch_score
17-37,17,37,137,10,10053,7,0.830303,1.0,0.000696,0.915047,0.49846
24-38,24,38,146,9,10046,14,0.884848,0.9,0.001392,0.907215,0.531466
22-48,22,48,144,9,10028,32,0.872727,0.9,0.003181,0.900886,0.524909
13-23,13,23,135,9,10044,16,0.818182,0.9,0.00159,0.873852,0.491545
23-34,23,34,135,9,9987,73,0.818182,0.9,0.007256,0.873002,0.493812
23-38,23,38,122,10,10046,14,0.739394,1.0,0.001392,0.869488,0.444193
22-29,22,29,144,8,10057,3,0.872727,0.8,0.000298,0.866319,0.523756
16-34,16,34,142,8,10022,38,0.860606,0.8,0.003777,0.859736,0.517875
11-38,11,38,141,8,10042,18,0.854545,0.8,0.001789,0.857004,0.513443
18-23,18,23,141,8,10035,25,0.854545,0.8,0.002485,0.8569,0.513721
16-23,16,23,117,10,10041,19,0.709091,1.0,0.001889,0.854262,0.42621
15-35,15,35,140,8,10051,9,0.848485,0.8,0.000895,0.854108,0.509449
12-22,12,22,140,8,10032,28,0.848485,0.8,0.002783,0.853825,0.510204
18-22,18,22,157,6,10017,43,0.951515,0.6,0.004274,0.835116,0.572619
2-18,2,18,122,9,10043,17,0.739394,0.9,0.00169,0.834443,0.444312
28-43,28,43,145,7,10038,22,0.878788,0.7,0.002187,0.834066,0.528147
22-24,22,24,145,7,10010,50,0.878788,0.7,0.00497,0.833648,0.529261
13-35,13,35,132,8,10053,7,0.8,0.8,0.000696,0.829896,0.480278
38-42,38,42,143,7,10047,13,0.866667,0.7,0.001292,0.828139,0.520517
34-38,34,38,152,6,9987,73,0.921212,0.6,0.007256,0.819518,0.55563
2-23,2,23,128,8,10046,14,0.775758,0.8,0.001392,0.81767,0.466011
11-15,11,15,139,7,10055,5,0.842424,0.7,0.000497,0.816138,0.505653
26-29,26,29,162,5,10057,3,0.981818,0.5,0.000298,0.815864,0.58921
24-37,24,37,138,7,10046,14,0.836364,0.7,0.001392,0.812973,0.502375
30-42,30,42,149,6,9991,69,0.90303,0.6,0.006859,0.810486,0.544562
39-43,39,43,137,7,10054,6,0.830303,0.7,0.000596,0.810062,0.49842
12-30,12,30,137,7,10032,28,0.830303,0.7,0.002783,0.809734,0.499295
37-48,37,48,137,7,10026,34,0.830303,0.7,0.00338,0.809645,0.499534
23-48,23,48,125,8,10031,29,0.757576,0.8,0.002883,0.808355,0.455699
31-35,31,35,125,8,9995,65,0.757576,0.8,0.006461,0.807819,0.45713
47-48,47,48,136,7,10059,1,0.824242,0.7,9.9e-05,0.807106,0.494585
8-38,8,38,136,7,10050,10,0.824242,0.7,0.000994,0.806972,0.494943
22-37,22,37,136,7,10023,37,0.824242,0.7,0.003678,0.80657,0.496017
43-45,43,45,147,6,10050,10,0.890909,0.6,0.000994,0.805305,0.534943
21-48,21,48,147,6,10039,21,0.890909,0.6,0.002087,0.805141,0.53538
27-36,27,36,135,7,10044,16,0.818182,0.7,0.00159,0.803852,0.491545
13-42,13,42,134,7,10058,2,0.812121,0.7,0.000199,0.801031,0.487352
4-44,4,44,157,5,10018,42,0.951515,0.5,0.004175,0.800131,0.572579
13-36,13,36,133,7,10044,16,0.806061,0.7,0.00159,0.797792,0.484273
2-31,2,31,133,7,10002,58,0.806061,0.7,0.005765,0.797165,0.485943
6-19,6,19,132,7,10058,2,0.8,0.7,0.000199,0.79497,0.48008
24-48,24,48,132,7,10031,29,0.8,0.7,0.002883,0.794568,0.481153
24-49,24,49,143,6,10008,52,0.866667,0.6,0.005169,0.792558,0.522068
37-46,37,46,131,7,10017,43,0.793939,0.7,0.004274,0.791329,0.478073
21-46,21,46,154,5,10009,51,0.933333,0.5,0.00507,0.790906,0.562028
38-48,38,48,142,6,10039,21,0.860606,0.6,0.002087,0.78999,0.517199
29-30,29,30,142,6,10034,26,0.860606,0.6,0.002584,0.789915,0.517397
12-34,12,34,142,6,9992,68,0.860606,0.6,0.006759,0.789289,0.519067
14-34,14,34,142,6,9981,79,0.860606,0.6,0.007853,0.789125,0.519505
26-38,26,38,130,7,10042,18,0.787879,0.7,0.001789,0.788671,0.473443
2-11,2,11,130,7,10041,19,0.787879,0.7,0.001889,0.788656,0.473483
38-45,38,45,141,6,10050,10,0.854545,0.6,0.000994,0.787124,0.513125
17-35,17,35,152,5,10060,0,0.921212,0.5,0.0,0.785606,0.552727
22-42,22,42,140,6,10057,3,0.848485,0.6,0.000298,0.784198,0.50921
1-37,1,37,140,6,10055,5,0.848485,0.6,0.000497,0.784168,0.50929
2-19,2,19,140,6,10051,9,0.848485,0.6,0.000895,0.784108,0.509449
11-36,11,36,140,6,10042,18,0.848485,0.6,0.001789,0.783974,0.509807
33-46,33,46,139,6,9990,70,0.842424,0.6,0.006958,0.780168,0.508238
21-37,21,37,150,5,10025,35,0.909091,0.5,0.003479,0.779024,0.546846
2-17,2,17,149,5,10060,0,0.90303,0.5,0.0,0.776515,0.541818
6-45,6,45,149,5,10037,23,0.90303,0.5,0.002286,0.776172,0.542733
10-16,10,16,137,6,10055,5,0.830303,0.6,0.000497,0.775077,0.498381
23-42,23,42,137,6,10044,16,0.830303,0.6,0.00159,0.774913,0.498818
18-49,18,49,148,5,10039,21,0.89697,0.5,0.002087,0.773172,0.539017
24-30,24,30,148,5,10029,31,0.89697,0.5,0.003082,0.773023,0.539414
5-28,5,28,148,5,10009,51,0.89697,0.5,0.00507,0.772724,0.54021
15-26,15,26,136,6,10051,9,0.824242,0.6,0.000895,0.771987,0.494903
2-42,2,42,136,6,10043,17,0.824242,0.6,0.00169,0.771868,0.495221
21-22,21,22,136,6,10037,23,0.824242,0.6,0.002286,0.771778,0.49546
46-47,46,47,124,7,10059,1,0.751515,0.7,9.9e-05,0.770743,0.450949
22-36,22,36,136,6,9952,108,0.824242,0.6,0.010736,0.770511,0.49884
11-18,11,18,124,7,10039,21,0.751515,0.7,0.002087,0.770444,0.451744
8-29,8,29,147,5,10056,4,0.890909,0.5,0.000398,0.770395,0.534705
13-33,13,33,124,7,10028,32,0.751515,0.7,0.003181,0.77028,0.452181
5-21,5,21,124,7,10009,51,0.751515,0.7,0.00507,0.769997,0.452937
15-36,15,36,135,6,10027,33,0.818182,0.6,0.00328,0.768599,0.492221
2-29,2,29,135,6,10004,56,0.818182,0.6,0.005567,0.768256,0.493136
4-17,4,17,146,5,10060,0,0.884848,0.5,0.0,0.767424,0.530909
17-33,17,33,146,5,10060,0,0.884848,0.5,0.0,0.767424,0.530909
12-19,12,19,146,5,10036,24,0.884848,0.5,0.002386,0.767066,0.531863
16-24,16,24,146,5,10006,54,0.884848,0.5,0.005368,0.766619,0.533056
5-48,5,48,134,6,10059,1,0.812121,0.6,9.9e-05,0.766046,0.487312
13-17,13,17,134,6,10053,7,0.812121,0.6,0.000696,0.765956,0.487551
9-43,9,43,145,5,10054,6,0.878788,0.5,0.000596,0.764304,0.527511
2-37,2,37,145,5,10046,14,0.878788,0.5,0.001392,0.764185,0.527829
4-22,4,22,145,5,10028,32,0.878788,0.5,0.003181,0.763917,0.528545
28-37,28,37,133,6,10053,7,0.806061,0.6,0.000696,0.762926,0.483915
4-47,4,47,156,4,10018,42,0.945455,0.4,0.004175,0.762101,0.568943
12-48,12,48,133,6,9986,74,0.806061,0.6,0.007356,0.761927,0.486579
8-35,8,35,133,6,9958,102,0.806061,0.6,0.010139,0.761509,0.487692
11-32,11,32,156,4,9972,88,0.945455,0.4,0.008748,0.761415,0.570772
16-35,16,35,121,7,10033,27,0.733333,0.7,0.002684,0.761264,0.441074
2-13,2,13,144,5,9979,81,0.872727,0.5,0.008052,0.760156,0.526857
10-14,10,14,120,7,10025,35,0.727273,0.7,0.003479,0.758114,0.437755
28-46,28,46,143,5,10014,46,0.866667,0.5,0.004573,0.757647,0.521829
24-36,24,36,108,8,10025,35,0.654545,0.8,0.003479,0.756751,0.394119
6-39,6,39,131,6,10037,23,0.793939,0.6,0.002286,0.756627,0.477278
3-35,3,35,131,6,10033,27,0.793939,0.6,0.002684,0.756567,0.477437
24-28,24,28,131,6,10014,46,0.793939,0.6,0.004573,0.756284,0.478193
30-34,30,34,154,4,10029,31,0.933333,0.4,0.003082,0.756204,0.561233
35-47,35,47,143,5,9908,152,0.866667,0.5,0.015109,0.756067,0.526044
6-17,6,17,131,6,9944,116,0.793939,0.6,0.011531,0.75524,0.480976
17-49,17,49,142,5,10053,7,0.860606,0.5,0.000696,0.755199,0.516642
6-35,6,35,142,5,10051,9,0.860606,0.5,0.000895,0.755169,0.516721
28-48,28,48,142,5,10012,48,0.860606,0.5,0.004771,0.754587,0.518272
34-42,34,42,142,5,9976,84,0.860606,0.5,0.00835,0.754051,0.519704
34-48,34,48,142,5,9941,119,0.860606,0.5,0.011829,0.753529,0.521095
36-37,36,37,153,4,10027,33,0.927273,0.4,0.00328,0.753144,0.557676
21-39,21,39,141,5,10037,23,0.854545,0.5,0.002286,0.75193,0.513642
10-20,10,20,141,5,10012,48,0.854545,0.5,0.004771,0.751557,0.514636
24-31,24,31,141,5,10006,54,0.854545,0.5,0.005368,0.751468,0.514874
14-42,14,42,129,6,10056,4,0.781818,0.6,0.000398,0.750849,0.46925
38-49,38,49,129,6,10039,21,0.781818,0.6,0.002087,0.750596,0.469926
8-37,8,37,152,4,9969,91,0.921212,0.4,0.009046,0.749249,0.556346
42-43,42,43,129,6,9926,134,0.781818,0.6,0.01332,0.748911,0.474419
1-6,1,6,140,5,10037,23,0.848485,0.5,0.002286,0.748899,0.510005
9-31,9,31,140,5,10024,36,0.848485,0.5,0.003579,0.748706,0.510522
7-45,7,45,140,5,9978,82,0.848485,0.5,0.008151,0.74802,0.512351
2-8,2,8,128,6,10043,17,0.775758,0.6,0.00169,0.747625,0.46613
35-44,35,44,140,5,9933,127,0.848485,0.5,0.012624,0.747349,0.514141
37-44,37,44,151,4,10023,37,0.915152,0.4,0.003678,0.747024,0.550562
27-35,27,35,128,6,9995,65,0.775758,0.6,0.006461,0.74691,0.468039
35-36,35,36,128,6,9995,65,0.775758,0.6,0.006461,0.74691,0.468039
12-20,12,20,139,5,10020,40,0.842424,0.5,0.003976,0.745616,0.507045
27-28,27,28,139,5,9999,61,0.842424,0.5,0.006064,0.745303,0.50788
30-36,30,36,138,5,10042,18,0.836364,0.5,0.001789,0.742913,0.502534
24-42,24,42,138,5,10031,29,0.836364,0.5,0.002883,0.742749,0.502971
18-38,18,38,126,6,10039,21,0.763636,0.6,0.002087,0.741505,0.459017
5-46,5,46,149,4,10059,1,0.90303,0.4,9.9e-05,0.7415,0.541858
19-36,19,36,138,5,9923,137,0.836364,0.5,0.013618,0.741139,0.507265
15-49,15,49,149,4,10027,33,0.90303,0.4,0.00328,0.741023,0.54313
5-43,5,43,126,6,9989,71,0.763636,0.6,0.007058,0.74076,0.461005
13-34,13,34,149,4,9987,73,0.90303,0.4,0.007256,0.740427,0.544721
29-42,29,42,137,5,10057,3,0.830303,0.5,0.000298,0.740107,0.498301
13-22,13,22,114,7,10028,32,0.690909,0.7,0.003181,0.739977,0.415818
18-34,18,34,137,5,10022,38,0.830303,0.5,0.003777,0.739585,0.499693
26-42,26,42,125,6,10057,3,0.757576,0.6,0.000298,0.738743,0.454665
8-34,8,34,137,5,9956,104,0.830303,0.5,0.010338,0.738601,0.502317
13-18,13,18,125,6,10035,25,0.757576,0.6,0.002485,0.738415,0.455539
2-24,2,24,148,4,10046,14,0.89697,0.4,0.001392,0.738276,0.538738
33-37,33,37,148,4,10024,36,0.89697,0.4,0.003579,0.737948,0.539613
6-13,6,13,136,5,10058,2,0.824242,0.5,0.000199,0.737091,0.494625
1-29,1,29,136,5,10056,4,0.824242,0.5,0.000398,0.737062,0.494705
42-49,42,49,136,5,10052,8,0.824242,0.5,0.000795,0.737002,0.494864
9-38,9,38,136,5,10050,10,0.824242,0.5,0.000994,0.736972,0.494943
45-46,45,46,136,5,10050,10,0.824242,0.5,0.000994,0.736972,0.494943
4-28,4,28,136,5,10038,22,0.824242,0.5,0.002187,0.736793,0.49542
37-42,37,42,125,6,9921,139,0.757576,0.6,0.013817,0.736715,0.460072
25-38,25,38,136,5,10005,55,0.824242,0.5,0.005467,0.736301,0.496732
10-24,10,24,124,6,10025,35,0.751515,0.6,0.003479,0.735236,0.452301
37-47,37,47,147,4,10040,20,0.890909,0.4,0.001988,0.735156,0.535341
33-35,33,35,112,7,10060,0,0.678788,0.7,0.0,0.734394,0.407273
23-37,23,37,112,7,10046,14,0.678788,0.7,0.001392,0.734185,0.407829
46-48,46,48,135,5,10059,1,0.818182,0.5,9.9e-05,0.734076,0.490949
28-35,28,35,135,5,10053,7,0.818182,0.5,0.000696,0.733987,0.491187
14-36,14,36,135,5,10044,16,0.818182,0.5,0.00159,0.733852,0.491545
25-45,25,45,135,5,10023,37,0.818182,0.5,0.003678,0.733539,0.49238
6-22,6,22,158,3,10037,23,0.957576,0.3,0.002286,0.733445,0.57546
23-24,23,24,123,6,10046,14,0.745455,0.6,0.001392,0.732519,0.447829
33-48,33,48,123,6,10031,29,0.745455,0.6,0.002883,0.732295,0.448426
17-25,17,25,146,4,9991,69,0.884848,0.4,0.006859,0.731395,0.533653
18-35,18,35,123,6,9954,106,0.745455,0.6,0.010537,0.731147,0.451487
8-14,8,14,134,5,10056,4,0.812121,0.5,0.000398,0.731001,0.487432
38-40,38,40,134,5,10035,25,0.812121,0.5,0.002485,0.730688,0.488267
22-46,22,46,134,5,10017,43,0.812121,0.5,0.004274,0.730419,0.488982
11-43,11,43,134,5,9989,71,0.812121,0.5,0.007058,0.730002,0.490096
41-45,41,45,134,5,9978,82,0.812121,0.5,0.008151,0.729838,0.490533
46-49,46,49,145,4,10048,12,0.878788,0.4,0.001193,0.729215,0.52775
16-36,16,36,122,6,10022,38,0.739394,0.6,0.003777,0.72913,0.445147
1-8,1,8,133,5,10056,4,0.806061,0.5,0.000398,0.727971,0.483795
12-49,12,49,133,5,10032,28,0.806061,0.5,0.002783,0.727613,0.48475
34-37,34,37,133,5,10029,31,0.806061,0.5,0.003082,0.727568,0.484869
14-21,14,21,133,5,10025,35,0.806061,0.5,0.003479,0.727508,0.485028
41-43,41,43,133,5,10018,42,0.806061,0.5,0.004175,0.727404,0.485306
4-24,4,24,156,3,10029,31,0.945455,0.3,0.003082,0.727265,0.568505
8-42,8,42,144,4,10056,4,0.872727,0.4,0.000398,0.726304,0.523795
25-37,25,37,121,6,10023,37,0.733333,0.6,0.003678,0.726115,0.441471
3-43,3,43,121,6,10018,42,0.733333,0.6,0.004175,0.72604,0.44167
11-19,11,19,121,6,10015,45,0.733333,0.6,0.004473,0.725996,0.441789
17-18,17,18,144,4,10017,43,0.872727,0.4,0.004274,0.725722,0.525346
38-44,38,44,144,4,10005,55,0.872727,0.4,0.005467,0.725544,0.525823
14-49,14,49,144,4,9996,64,0.872727,0.4,0.006362,0.725409,0.526181
2-10,2,10,121,6,9971,89,0.733333,0.6,0.008847,0.72534,0.443539
25-28,25,28,144,4,9985,75,0.872727,0.4,0.007455,0.725245,0.526618
11-17,11,17,144,4,9972,88,0.872727,0.4,0.008748,0.725052,0.527135
4-38,4,38,132,5,10060,0,0.8,0.5,0.0,0.725,0.48
30-43,30,43,132,5,10054,6,0.8,0.5,0.000596,0.724911,0.480239
18-36,18,36,132,5,10022,38,0.8,0.5,0.003777,0.724433,0.481511
6-29,6,29,132,5,10004,56,0.8,0.5,0.005567,0.724165,0.482227
41-49,41,49,155,3,10020,40,0.939394,0.3,0.003976,0.724101,0.565227
2-4,2,4,120,6,10060,0,0.727273,0.6,0.0,0.723636,0.436364
35-49,35,49,120,6,10053,7,0.727273,0.6,0.000696,0.723532,0.436642
33-45,33,45,120,6,10049,11,0.727273,0.6,0.001093,0.723472,0.436801
18-42,18,42,120,6,10043,17,0.727273,0.6,0.00169,0.723383,0.43704
31-37,31,37,120,6,10024,36,0.727273,0.6,0.003579,0.7231,0.437795
6-7,6,7,143,4,10036,24,0.866667,0.4,0.002386,0.722975,0.520954
31-36,31,36,120,6,10002,58,0.727273,0.6,0.005765,0.722772,0.43867
9-20,9,20,143,4,10012,48,0.866667,0.4,0.004771,0.722618,0.521909
16-30,16,30,131,5,10041,19,0.793939,0.5,0.001889,0.721686,0.477119
31-44,31,44,131,5,10016,44,0.793939,0.5,0.004374,0.721314,0.478113
2-34,2,34,143,4,9900,160,0.866667,0.4,0.015905,0.720948,0.526362
3-36,3,36,119,6,10049,11,0.721212,0.6,0.001093,0.720442,0.433165
36-39,36,39,119,6,10049,11,0.721212,0.6,0.001093,0.720442,0.433165
33-49,33,49,142,4,10032,28,0.860606,0.4,0.002783,0.719886,0.517477
12-37,12,37,142,4,9992,68,0.860606,0.4,0.006759,0.719289,0.519067
33-38,33,38,107,7,10060,0,0.648485,0.7,0.0,0.719242,0.389091
34-44,34,44,165,2,9976,84,1.0,0.2,0.00835,0.718748,0.60334
37-49,37,49,153,3,10053,7,0.927273,0.3,0.000696,0.718532,0.556642
30-37,30,37,130,5,10029,31,0.787879,0.5,0.003082,0.718477,0.47396
13-43,13,43,130,5,9953,107,0.787879,0.5,0.010636,0.717344,0.476982
8-45,8,45,141,4,10050,10,0.854545,0.4,0.000994,0.717124,0.513125
11-30,11,30,141,4,10042,18,0.854545,0.4,0.001789,0.717004,0.513443
2-7,2,7,141,4,10041,19,0.854545,0.4,0.001889,0.716989,0.513483
4-48,4,48,141,4,10028,32,0.854545,0.4,0.003181,0.716796,0.514
10-30,10,30,118,6,10003,57,0.715152,0.6,0.005666,0.716726,0.431357
4-23,4,23,118,6,9993,67,0.715152,0.6,0.00666,0.716577,0.431755
3-33,3,33,129,5,10049,11,0.781818,0.5,0.001093,0.715745,0.469528
20-26,20,26,129,5,10043,17,0.781818,0.5,0.00169,0.715656,0.469767
18-48,18,48,129,5,10039,21,0.781818,0.5,0.002087,0.715596,0.469926
20-46,20,46,129,5,10034,26,0.781818,0.5,0.002584,0.715521,0.470125
1-21,1,21,152,3,10037,23,0.921212,0.3,0.002286,0.715263,0.553642
21-36,21,36,152,3,10025,35,0.921212,0.3,0.003479,0.715084,0.554119
15-47,15,47,129,5,9998,62,0.781818,0.5,0.006163,0.714985,0.471556
12-24,12,24,129,5,9997,63,0.781818,0.5,0.006262,0.71497,0.471596
15-27,15,27,129,5,9949,111,0.781818,0.5,0.011034,0.714254,0.473504
13-14,13,14,140,4,10044,16,0.848485,0.4,0.00159,0.714004,0.509727
11-35,11,35,152,3,9922,138,0.921212,0.3,0.013718,0.713548,0.558214
24-43,24,43,140,4,10010,50,0.848485,0.4,0.00497,0.713497,0.511079
17-43,17,43,117,6,9971,89,0.709091,0.6,0.008847,0.713218,0.428993
16-18,16,18,128,5,10022,38,0.775758,0.5,0.003777,0.712312,0.466965
5-10,5,10,128,5,9981,79,0.775758,0.5,0.007853,0.711701,0.468596
16-37,16,37,139,4,10055,5,0.842424,0.4,0.000497,0.711138,0.505653
24-27,24,27,139,4,10046,14,0.842424,0.4,0.001392,0.711003,0.506011
17-44,17,44,139,4,10016,44,0.842424,0.4,0.004374,0.710556,0.507204
17-30,17,30,139,4,9991,69,0.842424,0.4,0.006859,0.710183,0.508198
17-32,17,32,139,4,9988,72,0.842424,0.4,0.007157,0.710139,0.508317
17-28,17,28,127,5,10053,7,0.769697,0.5,0.000696,0.709744,0.462097
8-33,8,33,139,4,9958,102,0.842424,0.4,0.010139,0.709691,0.50951
4-43,4,43,127,5,10038,22,0.769697,0.5,0.002187,0.70952,0.462693
4-11,4,11,162,2,9965,95,0.981818,0.2,0.009443,0.709493,0.592868
14-29,14,29,150,3,10056,4,0.909091,0.3,0.000398,0.709486,0.545614
3-12,3,12,127,5,10033,27,0.769697,0.5,0.002684,0.709446,0.462892
30-49,30,49,127,5,10032,28,0.769697,0.5,0.002783,0.709431,0.462932
28-44,28,44,139,4,9936,124,0.842424,0.4,0.012326,0.709363,0.510385
18-41,18,41,127,5,10017,43,0.769697,0.5,0.004274,0.709207,0.463528
7-25,7,25,127,5,9991,69,0.769697,0.5,0.006859,0.70882,0.464562
7-29,7,29,115,6,10056,4,0.69697,0.6,0.000398,0.708425,0.418341
19-35,19,35,115,6,10051,9,0.69697,0.6,0.000895,0.708351,0.41854
19-47,19,47,115,6,10040,20,0.69697,0.6,0.001988,0.708187,0.418977
42-44,42,44,138,4,10058,2,0.836364,0.4,0.000199,0.708152,0.501898
33-44,33,44,138,4,10016,44,0.836364,0.4,0.004374,0.707526,0.503568
14-20,14,20,138,4,9994,66,0.836364,0.4,0.006561,0.707198,0.504442
16-45,16,45,138,4,9978,82,0.836364,0.4,0.008151,0.706959,0.505079
4-6,4,6,161,2,9993,67,0.975758,0.2,0.00666,0.70688,0.588119
16-19,16,19,126,5,10058,2,0.763636,0.5,0.000199,0.706788,0.458261
19-22,19,22,115,6,9941,119,0.69697,0.6,0.011829,0.70671,0.422913
13-27,13,27,126,5,10044,16,0.763636,0.5,0.00159,0.70658,0.458818
29-34,29,34,138,4,9931,129,0.836364,0.4,0.012823,0.706258,0.506947
13-15,13,15,126,5,10019,41,0.763636,0.5,0.004076,0.706207,0.459812
39-49,39,49,137,4,10052,8,0.830303,0.4,0.000795,0.705032,0.4985
20-49,20,49,137,4,10045,15,0.830303,0.4,0.001491,0.704928,0.498778
14-23,14,23,137,4,10044,16,0.830303,0.4,0.00159,0.704913,0.498818
36-42,36,42,137,4,10044,16,0.830303,0.4,0.00159,0.704913,0.498818
22-49,22,49,137,4,10032,28,0.830303,0.4,0.002783,0.704734,0.499295
30-33,30,33,137,4,10032,28,0.830303,0.4,0.002783,0.704734,0.499295
16-41,16,41,114,6,9978,82,0.690909,0.6,0.008151,0.704232,0.417806
26-37,26,37,137,4,9992,68,0.830303,0.4,0.006759,0.704138,0.500886
9-42,9,42,125,5,10052,8,0.757576,0.5,0.000795,0.703669,0.454864
22-33,22,33,125,5,10032,28,0.757576,0.5,0.002783,0.70337,0.455659
11-25,11,25,125,5,10005,55,0.757576,0.5,0.005467,0.702968,0.456732
11-37,11,37,136,4,10055,5,0.824242,0.4,0.000497,0.702047,0.494744
11-26,11,26,136,4,10042,18,0.824242,0.4,0.001789,0.701853,0.495261
6-23,6,23,113,6,10019,41,0.684848,0.6,0.004076,0.701813,0.412539
25-29,25,29,136,4,10034,26,0.824242,0.4,0.002584,0.701734,0.495579
22-44,22,44,136,4,10023,37,0.824242,0.4,0.003678,0.70157,0.496017
44-49,44,49,159,2,10030,30,0.963636,0.2,0.002982,0.701371,0.579375
6-8,6,8,136,4,10004,56,0.824242,0.4,0.005567,0.701286,0.496772
2-6,2,6,124,5,10051,9,0.751515,0.5,0.000895,0.700623,0.451267
6-42,6,42,147,3,10058,2,0.890909,0.3,0.000199,0.700425,0.534625
12-23,12,23,124,5,10033,27,0.751515,0.5,0.002684,0.700355,0.451983
9-48,9,48,124,5,10024,36,0.751515,0.5,0.003579,0.700221,0.452341
23-36,23,36,112,6,10044,16,0.678788,0.6,0.00159,0.699155,0.407909
39-45,39,45,135,4,10049,11,0.818182,0.4,0.001093,0.698927,0.491346
18-37,18,37,112,6,10026,34,0.678788,0.6,0.00338,0.698887,0.408625
18-21,18,21,135,4,10039,21,0.818182,0.4,0.002087,0.698778,0.491744
21-38,21,38,135,4,10039,21,0.818182,0.4,0.002087,0.698778,0.491744
10-48,10,48,135,4,10012,48,0.818182,0.4,0.004771,0.698375,0.492818
30-48,30,48,135,4,9986,74,0.818182,0.4,0.007356,0.697988,0.493851
23-45,23,45,135,4,9978,82,0.818182,0.4,0.008151,0.697868,0.49417
29-37,29,37,135,4,9972,88,0.818182,0.4,0.008748,0.697779,0.494408
32-37,32,37,135,4,9972,88,0.818182,0.4,0.008748,0.697779,0.494408
39-42,39,42,123,5,10052,8,0.745455,0.5,0.000795,0.697608,0.447591
30-38,30,38,123,5,10042,18,0.745455,0.5,0.001789,0.697459,0.447988
7-23,7,23,123,5,10041,19,0.745455,0.5,0.001889,0.697444,0.448028
22-39,22,39,123,5,10037,23,0.745455,0.5,0.002286,0.697384,0.448187
35-37,35,37,146,3,10053,7,0.884848,0.3,0.000696,0.69732,0.531187
26-41,26,41,123,5,10020,40,0.745455,0.5,0.003976,0.697131,0.448863
28-49,28,49,134,4,10053,7,0.812121,0.4,0.000696,0.695956,0.487551
33-39,33,39,134,4,10049,11,0.812121,0.4,0.001093,0.695897,0.48771
24-34,24,34,134,4,10029,31,0.812121,0.4,0.003082,0.695598,0.488505
3-15,3,15,134,4,10007,53,0.812121,0.4,0.005268,0.69527,0.48938
8-39,8,39,134,4,10004,56,0.812121,0.4,0.005567,0.695226,0.489499
27-49,27,49,134,4,9990,70,0.812121,0.4,0.006958,0.695017,0.490056
10-37,10,37,122,5,10055,5,0.739394,0.5,0.000497,0.694622,0.443835
6-26,6,26,122,5,10051,9,0.739394,0.5,0.000895,0.694563,0.443994
37-41,37,41,145,3,10040,20,0.878788,0.3,0.001988,0.694096,0.528068
12-44,12,44,145,3,10030,30,0.878788,0.3,0.002982,0.693947,0.528466
39-44,39,44,145,3,10021,39,0.878788,0.3,0.003877,0.693812,0.528823
36-48,36,48,145,3,10002,58,0.878788,0.3,0.005765,0.693529,0.529579
4-42,4,42,145,3,9986,74,0.878788,0.3,0.007356,0.693291,0.530215
36-43,36,43,122,5,9952,108,0.739394,0.5,0.010736,0.693087,0.447931
44-47,44,47,133,4,10059,1,0.806061,0.4,9.9e-05,0.693015,0.483676
13-16,13,16,133,4,10058,2,0.806061,0.4,0.000199,0.693,0.483716
23-27,23,27,133,4,10046,14,0.806061,0.4,0.001392,0.692822,0.484193
48-49,48,49,133,4,10039,21,0.806061,0.4,0.002087,0.692717,0.484471
20-29,20,29,133,4,10034,26,0.806061,0.4,0.002584,0.692643,0.48467
12-26,12,26,133,4,10020,40,0.806061,0.4,0.003976,0.692434,0.485227
18-46,18,46,133,4,10017,43,0.806061,0.4,0.004274,0.692389,0.485346
3-26,3,26,133,4,9998,62,0.806061,0.4,0.006163,0.692106,0.486102
8-41,8,41,133,4,9958,102,0.806061,0.4,0.010139,0.691509,0.487692
11-23,11,23,121,5,10041,19,0.733333,0.5,0.001889,0.691383,0.440755
11-44,11,44,144,3,10059,1,0.872727,0.3,9.9e-05,0.691349,0.523676
29-38,29,38,133,4,9936,124,0.806061,0.4,0.012326,0.691181,0.488567
15-33,15,33,144,3,9998,62,0.872727,0.3,0.006163,0.690439,0.526102
2-26,2,26,109,6,10051,9,0.660606,0.6,0.000895,0.690169,0.396721
26-40,26,40,132,4,10057,3,0.8,0.4,0.000298,0.689955,0.480119
29-40,29,40,132,4,10057,3,0.8,0.4,0.000298,0.689955,0.480119
9-30,9,30,132,4,10054,6,0.8,0.4,0.000596,0.689911,0.480239
25-44,25,44,132,4,10023,37,0.8,0.4,0.003678,0.689448,0.481471
2-12,2,12,132,4,10015,45,0.8,0.4,0.004473,0.689329,0.481789
33-43,33,43,132,4,10010,50,0.8,0.4,0.00497,0.689254,0.481988
35-39,35,39,121,5,9878,182,0.733333,0.5,0.018091,0.688953,0.447237
10-47,10,47,132,4,9970,90,0.8,0.4,0.008946,0.688658,0.483579
26-43,26,43,120,5,10054,6,0.727273,0.5,0.000596,0.688547,0.436602
8-26,8,26,120,5,10043,17,0.727273,0.5,0.00169,0.688383,0.43704
41-47,41,47,120,5,10040,20,0.727273,0.5,0.001988,0.688338,0.437159
27-46,27,46,120,5,10034,26,0.727273,0.5,0.002584,0.688249,0.437397
31-34,31,34,132,4,9939,121,0.8,0.4,0.012028,0.688196,0.484811
12-29,12,29,132,4,9918,142,0.8,0.4,0.014115,0.687883,0.485646
32-35,32,35,120,5,10008,52,0.727273,0.5,0.005169,0.687861,0.438431
7-41,7,41,120,5,10001,59,0.727273,0.5,0.005865,0.687757,0.43871
20-35,20,35,143,3,10008,52,0.866667,0.3,0.005169,0.687558,0.522068
1-27,1,27,143,3,9997,63,0.866667,0.3,0.006262,0.687394,0.522505
10-29,10,29,120,5,9971,89,0.727273,0.5,0.008847,0.687309,0.439902
15-22,15,22,143,3,9940,120,0.866667,0.3,0.011928,0.686544,0.524771
4-30,4,30,131,4,10029,31,0.793939,0.4,0.003082,0.686507,0.477596
5-15,5,15,131,4,10027,33,0.793939,0.4,0.00328,0.686478,0.477676
24-46,24,46,131,4,10014,46,0.793939,0.4,0.004573,0.686284,0.478193
21-28,21,28,131,4,10009,51,0.793939,0.4,0.00507,0.686209,0.478391
27-31,27,31,131,4,9997,63,0.793939,0.4,0.006262,0.68603,0.478869
6-18,6,18,131,4,9993,67,0.793939,0.4,0.00666,0.685971,0.479028
5-29,5,29,131,4,9957,103,0.793939,0.4,0.010239,0.685434,0.480459
43-46,43,46,142,3,10050,10,0.860606,0.3,0.000994,0.685154,0.516761
10-39,10,39,131,4,9932,128,0.793939,0.4,0.012724,0.685061,0.481453
11-21,11,21,142,3,10039,21,0.860606,0.3,0.002087,0.68499,0.517199
12-18,12,18,142,3,10015,45,0.860606,0.3,0.004473,0.684632,0.518153
34-40,34,40,142,3,9992,68,0.860606,0.3,0.006759,0.684289,0.519067
6-16,6,16,130,4,10058,2,0.787879,0.4,0.000199,0.68391,0.472807
1-15,1,15,130,4,10055,5,0.787879,0.4,0.000497,0.683865,0.472926
27-37,27,37,130,4,10046,14,0.787879,0.4,0.001392,0.683731,0.473284
1-5,1,5,153,2,10048,12,0.927273,0.2,0.001193,0.683457,0.556841
34-36,34,36,130,4,10022,38,0.787879,0.4,0.003777,0.683373,0.474238
6-37,6,37,142,3,9929,131,0.860606,0.3,0.013022,0.68335,0.521572
28-32,28,32,130,4,10013,47,0.787879,0.4,0.004672,0.683239,0.474596
8-16,8,16,130,4,9983,77,0.787879,0.4,0.007654,0.682791,0.475789
15-19,15,19,118,5,10051,9,0.715152,0.5,0.000895,0.682442,0.429449
13-38,13,38,118,5,10047,13,0.715152,0.5,0.001292,0.682382,0.429608
3-20,3,20,118,5,10045,15,0.715152,0.5,0.001491,0.682352,0.429687
36-38,36,38,118,5,10042,18,0.715152,0.5,0.001789,0.682307,0.429807
27-39,27,39,130,4,9949,111,0.787879,0.4,0.011034,0.682284,0.477141
23-49,23,49,118,5,10035,25,0.715152,0.5,0.002485,0.682203,0.430085
2-44,2,44,130,4,9932,128,0.787879,0.4,0.012724,0.682031,0.477817
22-47,22,47,130,4,9930,130,0.787879,0.4,0.012922,0.682001,0.477896
23-44,23,44,118,5,10021,39,0.715152,0.5,0.003877,0.681994,0.430642
9-35,9,35,141,3,9995,65,0.854545,0.3,0.006461,0.681304,0.515312
3-14,3,14,141,3,9994,66,0.854545,0.3,0.006561,0.681289,0.515352
2-35,2,35,129,4,10060,0,0.781818,0.4,0.0,0.680909,0.469091
5-22,5,22,141,3,9957,103,0.854545,0.3,0.010239,0.680737,0.516823
3-13,3,13,129,4,10045,15,0.781818,0.4,0.001491,0.680685,0.469687
22-38,22,38,141,3,9951,109,0.854545,0.3,0.010835,0.680647,0.517061
2-16,2,16,129,4,10041,19,0.781818,0.4,0.001889,0.680626,0.469846
11-13,11,13,141,3,9922,138,0.854545,0.3,0.013718,0.680215,0.518214
20-22,20,22,129,4,10008,52,0.781818,0.4,0.005169,0.680134,0.471159
15-38,15,38,129,4,10005,55,0.781818,0.4,0.005467,0.680089,0.471278
17-23,17,23,129,4,9987,73,0.781818,0.4,0.007256,0.679821,0.471993
5-47,5,47,117,5,10059,1,0.709091,0.5,9.9e-05,0.679531,0.425494
11-22,11,22,129,4,9965,95,0.781818,0.4,0.009443,0.679493,0.472868
2-27,2,27,117,5,10046,14,0.709091,0.5,0.001392,0.679337,0.426011
22-28,22,28,140,3,10057,3,0.848485,0.3,0.000298,0.679198,0.50921
1-43,1,43,140,3,10054,6,0.848485,0.3,0.000596,0.679153,0.509329
13-48,13,48,117,5,10028,32,0.709091,0.5,0.003181,0.679068,0.426727
1-24,1,24,140,3,10029,31,0.848485,0.3,0.003082,0.67878,0.510324
26-47,26,47,140,3,9998,62,0.848485,0.3,0.006163,0.678318,0.511556
26-34,26,34,140,3,9992,68,0.848485,0.3,0.006759,0.678229,0.511795
21-23,21,23,140,3,9975,85,0.848485,0.3,0.008449,0.677975,0.512471
10-15,10,15,128,4,10055,5,0.775758,0.4,0.000497,0.677804,0.465653
3-45,3,45,128,4,10049,11,0.775758,0.4,0.001093,0.677715,0.465892
27-38,27,38,128,4,10046,14,0.775758,0.4,0.001392,0.67767,0.466011
14-27,14,27,128,4,10044,16,0.775758,0.4,0.00159,0.67764,0.466091
11-46,11,46,151,2,10059,1,0.915152,0.2,9.9e-05,0.677561,0.549131
12-16,12,16,128,4,10033,27,0.775758,0.4,0.002684,0.677476,0.466528
21-49,21,49,151,2,10039,21,0.915152,0.2,0.002087,0.677263,0.549926
20-31,20,31,128,4,10016,44,0.775758,0.4,0.004374,0.677223,0.467204
6-30,6,30,163,1,9943,117,0.987879,0.1,0.01163,0.677195,0.597379
11-34,11,34,151,2,10022,38,0.915152,0.2,0.003777,0.677009,0.550602
35-42,35,42,128,4,9979,81,0.775758,0.4,0.008052,0.676671,0.468675
22-34,22,34,128,4,9959,101,0.775758,0.4,0.01004,0.676373,0.46947
32-49,32,49,116,5,10048,12,0.70303,0.5,0.001193,0.676336,0.422295
17-42,17,42,139,3,10052,8,0.842424,0.3,0.000795,0.676093,0.505773
38-43,38,43,139,3,10050,10,0.842424,0.3,0.000994,0.676063,0.505852
16-39,16,39,116,5,10021,39,0.70303,0.5,0.003877,0.675934,0.423369
24-33,24,33,139,3,10031,29,0.842424,0.3,0.002883,0.67578,0.506608
14-38,14,38,116,5,9996,64,0.70303,0.5,0.006362,0.675561,0.424363
2-39,2,39,139,3,10004,56,0.842424,0.3,0.005567,0.675377,0.507681
35-43,35,43,128,4,9892,168,0.775758,0.4,0.0167,0.675374,0.472134
17-38,17,38,127,4,10060,0,0.769697,0.4,0.0,0.674848,0.461818
15-37,15,37,127,4,10055,5,0.769697,0.4,0.000497,0.674774,0.462017
20-30,20,30,127,4,10034,26,0.769697,0.4,0.002584,0.674461,0.462852
11-12,11,12,127,4,10015,45,0.769697,0.4,0.004473,0.674178,0.463607
5-26,5,26,127,4,10009,51,0.769697,0.4,0.00507,0.674088,0.463846
2-21,2,21,127,4,10007,53,0.769697,0.4,0.005268,0.674058,0.463926
4-25,4,25,150,2,9993,67,0.909091,0.2,0.00666,0.673546,0.548119
26-27,26,27,127,4,9949,111,0.769697,0.4,0.011034,0.673193,0.466232
24-45,24,45,127,4,9921,139,0.769697,0.4,0.013817,0.672776,0.467345
4-13,4,13,138,3,10028,32,0.836364,0.3,0.003181,0.672705,0.503091
20-48,20,48,138,3,10012,48,0.836364,0.3,0.004771,0.672466,0.503727
25-42,25,42,138,3,9991,69,0.836364,0.3,0.006859,0.672153,0.504562
5-16,5,16,138,3,9975,85,0.836364,0.3,0.008449,0.671914,0.505198
11-47,11,47,126,4,10059,1,0.763636,0.4,9.9e-05,0.671803,0.458222
19-42,19,42,126,4,10058,2,0.763636,0.4,0.000199,0.671788,0.458261
9-26,9,26,126,4,10054,6,0.763636,0.4,0.000596,0.671729,0.45842
35-41,35,41,138,3,9958,102,0.836364,0.3,0.010139,0.671661,0.505874
8-13,8,13,126,4,10045,15,0.763636,0.4,0.001491,0.671595,0.458778
8-20,8,20,126,4,10045,15,0.763636,0.4,0.001491,0.671595,0.458778
39-48,39,48,138,3,9952,108,0.836364,0.3,0.010736,0.671571,0.506112
8-36,8,36,126,4,10042,18,0.763636,0.4,0.001789,0.67155,0.458898
29-47,29,47,138,3,9930,130,0.836364,0.3,0.012922,0.671243,0.506987
6-33,6,33,138,3,9929,131,0.836364,0.3,0.013022,0.671229,0.507027
28-36,28,36,126,4,10014,46,0.763636,0.4,0.004573,0.671132,0.460011
8-15,8,15,126,4,9969,91,0.763636,0.4,0.009046,0.670461,0.4618
11-48,11,48,137,3,10059,1,0.830303,0.3,9.9e-05,0.670137,0.498222
15-31,15,31,126,4,9939,121,0.763636,0.4,0.012028,0.670014,0.462993
14-37,14,37,114,5,10025,35,0.690909,0.5,0.003479,0.669933,0.415937
31-33,31,33,114,5,10024,36,0.690909,0.5,0.003579,0.669918,0.415977
8-18,8,18,137,3,10043,17,0.830303,0.3,0.00169,0.669898,0.498858
12-33,12,33,137,3,10032,28,0.830303,0.3,0.002783,0.669734,0.499295
16-49,16,49,137,3,10022,38,0.830303,0.3,0.003777,0.669585,0.499693
15-34,15,34,137,3,9939,121,0.830303,0.3,0.012028,0.668347,0.502993
4-15,4,15,137,3,9896,164,0.830303,0.3,0.016302,0.667706,0.504703
39-47,39,47,125,4,9963,97,0.757576,0.4,0.009642,0.667342,0.458402
17-29,17,29,113,5,10052,8,0.684848,0.5,0.000795,0.667305,0.411227
29-43,29,43,148,2,9971,89,0.89697,0.2,0.008847,0.667158,0.541721
2-43,2,43,113,5,10038,22,0.684848,0.5,0.002187,0.667096,0.411784
22-26,22,26,136,3,10057,3,0.824242,0.3,0.000298,0.667076,0.494665
26-28,26,28,136,3,10057,3,0.824242,0.3,0.000298,0.667076,0.494665
28-29,28,29,136,3,10057,3,0.824242,0.3,0.000298,0.667076,0.494665
20-34,20,34,125,4,9934,126,0.757576,0.4,0.012525,0.666909,0.459555
33-47,33,47,136,3,9998,62,0.824242,0.3,0.006163,0.666197,0.497011
2-22,2,22,136,3,9930,130,0.824242,0.3,0.012922,0.665183,0.499714
11-28,11,28,124,4,10014,46,0.751515,0.4,0.004573,0.665072,0.452738
31-46,31,46,124,4,10006,54,0.751515,0.4,0.005368,0.664952,0.453056
7-39,7,39,124,4,10004,56,0.751515,0.4,0.005567,0.664923,0.453136
10-17,10,17,124,4,9971,89,0.751515,0.4,0.008847,0.664431,0.454448
15-43,15,43,124,4,9964,96,0.751515,0.4,0.009543,0.664326,0.454726
6-31,6,31,124,4,9948,112,0.751515,0.4,0.011133,0.664088,0.455362
7-49,7,49,135,3,10048,12,0.818182,0.3,0.001193,0.663912,0.491386
10-22,10,22,124,4,9924,136,0.751515,0.4,0.013519,0.66373,0.456317
30-46,30,46,135,3,10034,26,0.818182,0.3,0.002584,0.663703,0.491943
3-4,3,4,135,3,10028,32,0.818182,0.3,0.003181,0.663614,0.492181
34-49,34,49,135,3,10022,38,0.818182,0.3,0.003777,0.663524,0.49242
20-38,20,38,135,3,10011,49,0.818182,0.3,0.004871,0.66336,0.492857
4-16,4,16,135,3,9985,75,0.818182,0.3,0.007455,0.662973,0.493891
5-11,5,11,123,4,10059,1,0.745455,0.4,9.9e-05,0.662712,0.447312
8-44,8,44,147,2,9871,189,0.890909,0.2,0.018787,0.662636,0.54206
19-27,19,27,135,3,9960,100,0.818182,0.3,0.00994,0.6626,0.494885
36-49,36,49,123,4,10027,33,0.745455,0.4,0.00328,0.662235,0.448585
26-48,26,48,123,4,10009,51,0.745455,0.4,0.00507,0.661967,0.449301
11-24,11,24,146,2,10014,46,0.884848,0.2,0.004573,0.661738,0.532738
5-12,5,12,123,4,9964,96,0.745455,0.4,0.009543,0.661296,0.45109
1-38,1,38,123,4,9951,109,0.745455,0.4,0.010835,0.661102,0.451607
28-42,28,42,134,3,10057,3,0.812121,0.3,0.000298,0.661016,0.487392
7-8,7,8,134,3,10056,4,0.812121,0.3,0.000398,0.661001,0.487432
15-24,15,24,123,4,9940,120,0.745455,0.4,0.011928,0.660938,0.452044
3-44,3,44,134,3,10030,30,0.812121,0.3,0.002982,0.660613,0.488466
26-32,26,32,134,3,10010,50,0.812121,0.3,0.00497,0.660315,0.489261
2-25,2,25,134,3,10007,53,0.812121,0.3,0.005268,0.66027,0.48938
14-48,14,48,134,3,9999,61,0.812121,0.3,0.006064,0.660151,0.489698
12-43,12,43,134,3,9997,63,0.812121,0.3,0.006262,0.660121,0.489778
9-36,9,36,134,3,9995,65,0.812121,0.3,0.006461,0.660091,0.489857
17-34,17,34,134,3,9987,73,0.812121,0.3,0.007256,0.659972,0.490175
18-43,18,43,123,4,9874,186,0.745455,0.4,0.018489,0.659954,0.454668
3-28,3,28,134,3,9985,75,0.812121,0.3,0.007455,0.659942,0.490255
19-23,19,23,134,3,9974,86,0.812121,0.3,0.008549,0.659778,0.490692
39-46,39,46,134,3,9963,97,0.812121,0.3,0.009642,0.659614,0.49113
1-12,1,12,122,4,10036,24,0.739394,0.4,0.002386,0.659339,0.444591
1-11,1,11,145,2,10055,5,0.878788,0.2,0.000497,0.659319,0.527472
1-30,1,30,145,2,10054,6,0.878788,0.2,0.000596,0.659304,0.527511
3-47,3,47,122,4,10018,42,0.739394,0.4,0.004175,0.659071,0.445306
16-46,16,46,122,4,10006,54,0.739394,0.4,0.005368,0.658892,0.445783
10-27,10,27,122,4,10000,60,0.739394,0.4,0.005964,0.658802,0.446022
18-31,18,31,134,3,9908,152,0.812121,0.3,0.015109,0.658794,0.493316
33-34,33,34,122,4,9987,73,0.739394,0.4,0.007256,0.658609,0.446539
4-12,4,12,145,2,9986,74,0.878788,0.2,0.007356,0.658291,0.530215
5-31,5,31,110,5,10047,13,0.666667,0.5,0.001292,0.658139,0.400517
29-32,29,32,145,2,9972,88,0.878788,0.2,0.008748,0.658082,0.530772
9-46,9,46,133,3,10050,10,0.806061,0.3,0.000994,0.657881,0.484034
5-7,5,7,133,3,10048,12,0.806061,0.3,0.001193,0.657851,0.484114
7-30,7,30,133,3,10041,19,0.806061,0.3,0.001889,0.657747,0.484392
9-19,9,19,133,3,10040,20,0.806061,0.3,0.001988,0.657732,0.484432
6-21,6,21,133,3,10037,23,0.806061,0.3,0.002286,0.657687,0.484551
15-17,15,17,133,3,10027,33,0.806061,0.3,0.00328,0.657538,0.484948
10-21,10,21,133,3,10025,35,0.806061,0.3,0.003479,0.657508,0.485028
12-15,12,15,133,3,10019,41,0.806061,0.3,0.004076,0.657419,0.485267
17-31,17,31,133,3,10016,44,0.806061,0.3,0.004374,0.657374,0.485386
15-25,15,25,133,3,10007,53,0.806061,0.3,0.005268,0.65724,0.485744
11-16,11,16,121,4,10055,5,0.733333,0.4,0.000497,0.656592,0.440199
5-35,5,35,145,2,9864,196,0.878788,0.2,0.019483,0.656471,0.535066
19-37,19,37,121,4,10040,20,0.733333,0.4,0.001988,0.656368,0.440795
27-44,27,44,133,3,9933,127,0.806061,0.3,0.012624,0.656137,0.488686
9-28,9,28,144,2,10012,48,0.872727,0.2,0.004771,0.655648,0.525545
19-21,19,21,144,2,9969,91,0.872727,0.2,0.009046,0.655007,0.527255
1-7,1,7,132,3,10056,4,0.8,0.3,0.000398,0.65494,0.480159
17-22,17,22,132,3,10017,43,0.8,0.3,0.004274,0.654359,0.48171
13-32,13,32,132,3,10013,47,0.8,0.3,0.004672,0.654299,0.481869
9-10,9,10,132,3,10012,48,0.8,0.3,0.004771,0.654284,0.481909
5-9,5,9,144,2,9913,147,0.872727,0.2,0.014612,0.654172,0.529481
6-38,6,38,144,2,9882,178,0.872727,0.2,0.017694,0.65371,0.530714
15-28,15,28,132,3,9969,91,0.8,0.3,0.009046,0.653643,0.483618
1-26,1,26,120,4,10054,6,0.727273,0.4,0.000596,0.653547,0.436602
31-38,31,38,120,4,10047,13,0.727273,0.4,0.001292,0.653443,0.436881
20-42,20,42,120,4,10045,15,0.727273,0.4,0.001491,0.653413,0.43696
6-36,6,36,120,4,10019,41,0.727273,0.4,0.004076,0.653025,0.437994
22-25,22,25,143,2,10023,37,0.866667,0.2,0.003678,0.652782,0.521471
31-43,31,43,120,4,9997,63,0.727273,0.4,0.006262,0.652697,0.438869
2-38,2,38,131,3,10060,0,0.793939,0.3,0.0,0.65197,0.476364
5-44,5,44,131,3,10059,1,0.793939,0.3,9.9e-05,0.651955,0.476403
26-30,26,30,131,3,10054,6,0.793939,0.3,0.000596,0.65188,0.476602
7-13,7,13,131,3,10047,13,0.793939,0.3,0.001292,0.651776,0.476881
18-19,18,19,108,5,10026,34,0.654545,0.5,0.00338,0.651766,0.394079
2-30,2,30,131,3,10041,19,0.793939,0.3,0.001889,0.651686,0.477119
22-27,22,27,120,4,9927,133,0.727273,0.4,0.013221,0.651653,0.441652
1-36,1,36,143,2,9938,122,0.866667,0.2,0.012127,0.651514,0.524851
4-34,4,34,131,3,10029,31,0.793939,0.3,0.003082,0.651507,0.477596
3-9,3,9,131,3,10003,57,0.793939,0.3,0.005666,0.65112,0.47863
12-14,12,14,131,3,9962,98,0.793939,0.3,0.009742,0.650508,0.48026
3-49,3,49,119,4,10045,15,0.721212,0.4,0.001491,0.650382,0.433324
4-27,4,27,131,3,9953,107,0.793939,0.3,0.010636,0.650374,0.480618
23-30,23,30,119,4,10041,19,0.721212,0.4,0.001889,0.650323,0.433483
17-40,17,40,131,3,9946,114,0.793939,0.3,0.011332,0.65027,0.480896
9-17,9,17,142,2,10052,8,0.860606,0.2,0.000795,0.650184,0.516682
37-45,37,45,119,4,10023,37,0.721212,0.4,0.003678,0.650054,0.434198
18-39,18,39,119,4,10021,39,0.721212,0.4,0.003877,0.650025,0.434278
10-13,10,13,119,4,10013,47,0.721212,0.4,0.004672,0.649905,0.434596
42-48,42,48,142,2,10031,29,0.860606,0.2,0.002883,0.649871,0.517517
20-24,20,24,119,4,10008,52,0.721212,0.4,0.005169,0.649831,0.434795
22-35,22,35,119,4,10008,52,0.721212,0.4,0.005169,0.649831,0.434795
15-44,15,44,119,4,10005,55,0.721212,0.4,0.005467,0.649786,0.434914
12-36,12,36,142,2,10019,41,0.860606,0.2,0.004076,0.649692,0.517994
37-43,37,43,119,4,9973,87,0.721212,0.4,0.008648,0.649309,0.436187
24-25,24,25,142,2,9982,78,0.860606,0.2,0.007753,0.64914,0.519465
10-33,10,33,142,2,9981,79,0.860606,0.2,0.007853,0.649125,0.519505
4-33,4,33,130,3,10060,0,0.787879,0.3,0.0,0.648939,0.472727
1-14,1,14,130,3,10056,4,0.787879,0.3,0.000398,0.64888,0.472886
3-34,3,34,142,2,9956,104,0.860606,0.2,0.010338,0.648752,0.520499
31-41,31,41,131,3,9844,216,0.793939,0.3,0.021471,0.648749,0.484952
14-28,14,28,130,3,10038,22,0.787879,0.3,0.002187,0.648611,0.473602
40-49,40,49,130,3,10035,25,0.787879,0.3,0.002485,0.648567,0.473721
15-21,15,21,130,3,10007,53,0.787879,0.3,0.005268,0.648149,0.474835
16-42,16,42,118,4,10058,2,0.715152,0.4,0.000199,0.647546,0.42917
2-20,2,20,118,4,10043,17,0.715152,0.4,0.00169,0.647322,0.429767
1-16,1,16,141,2,10055,5,0.854545,0.2,0.000497,0.647198,0.512926
12-40,12,40,118,4,10033,27,0.715152,0.4,0.002684,0.647173,0.430164
34-46,34,46,130,3,9941,119,0.787879,0.3,0.011829,0.647165,0.477459
23-33,23,33,118,4,10031,29,0.715152,0.4,0.002883,0.647143,0.430244
14-24,14,24,118,4,10025,35,0.715152,0.4,0.003479,0.647054,0.430483
39-41,39,41,130,3,9919,141,0.787879,0.3,0.014016,0.646837,0.478334
22-43,22,43,118,4,10010,50,0.715152,0.4,0.00497,0.64683,0.431079
20-21,20,21,130,3,9902,158,0.787879,0.3,0.015706,0.646584,0.47901
17-47,17,47,141,2,9988,72,0.854545,0.2,0.007157,0.646199,0.51559
1-39,1,39,129,3,10054,6,0.781818,0.3,0.000596,0.64582,0.469329
13-28,13,28,129,3,10053,7,0.781818,0.3,0.000696,0.645805,0.469369
7-46,7,46,129,3,10048,12,0.781818,0.3,0.001193,0.64573,0.469568
3-8,3,8,129,3,10045,15,0.781818,0.3,0.001491,0.645685,0.469687
13-20,13,20,129,3,10045,15,0.781818,0.3,0.001491,0.645685,0.469687
20-27,20,27,129,3,10034,26,0.781818,0.3,0.002584,0.645521,0.470125
29-46,29,46,129,3,10034,26,0.781818,0.3,0.002584,0.645521,0.470125
3-23,3,23,129,3,10033,27,0.781818,0.3,0.002684,0.645507,0.470164
5-24,5,24,129,3,10026,34,0.781818,0.3,0.00338,0.645402,0.470443
24-29,24,29,129,3,10006,54,0.781818,0.3,0.005368,0.645104,0.471238
29-31,29,31,129,3,10006,54,0.781818,0.3,0.005368,0.645104,0.471238
2-33,2,33,117,4,10060,0,0.709091,0.4,0.0,0.644545,0.425455
6-48,6,48,152,1,9968,92,0.921212,0.1,0.009145,0.644234,0.556385
44-48,44,48,140,2,10059,1,0.848485,0.2,9.9e-05,0.644228,0.509131
16-17,16,17,129,3,9944,116,0.781818,0.3,0.011531,0.644179,0.473703
23-35,23,35,117,4,10033,27,0.709091,0.4,0.002684,0.644143,0.426528
10-36,10,36,117,4,10025,35,0.709091,0.4,0.003479,0.644024,0.426846
8-30,8,30,140,2,10042,18,0.848485,0.2,0.001789,0.643974,0.509807
8-24,8,24,129,3,9925,135,0.781818,0.3,0.013419,0.643896,0.474459
1-34,1,34,140,2,10029,31,0.848485,0.2,0.003082,0.64378,0.510324
17-20,17,20,140,2,10016,44,0.848485,0.2,0.004374,0.643586,0.51084
4-39,4,39,117,4,9965,95,0.709091,0.4,0.009443,0.643129,0.429232
9-34,9,34,140,2,9976,84,0.848485,0.2,0.00835,0.64299,0.512431
16-38,16,38,140,2,9975,85,0.848485,0.2,0.008449,0.642975,0.512471
18-20,18,20,105,5,10043,17,0.636364,0.5,0.00169,0.642928,0.382494
21-33,21,33,140,2,9966,94,0.848485,0.2,0.009344,0.642841,0.512828
29-39,29,39,128,3,10052,8,0.775758,0.3,0.000795,0.64276,0.465773
26-35,26,35,128,3,10051,9,0.775758,0.3,0.000895,0.642745,0.465812
1-32,1,32,128,3,10048,12,0.775758,0.3,0.001193,0.6427,0.465932
17-21,17,21,140,2,9946,114,0.848485,0.2,0.011332,0.642543,0.513624
16-32,16,32,140,2,9944,116,0.848485,0.2,0.011531,0.642513,0.513703
22-30,22,30,128,3,10032,28,0.775758,0.3,0.002783,0.642461,0.466568
3-48,3,48,128,3,10028,32,0.775758,0.3,0.003181,0.642402,0.466727
4-10,4,10,105,5,9993,67,0.636364,0.5,0.00666,0.642183,0.384482
7-35,7,35,140,2,9901,159,0.848485,0.2,0.015805,0.641872,0.515413
21-32,21,32,151,1,9996,64,0.915152,0.1,0.006362,0.641621,0.551636
8-21,8,21,128,3,9969,91,0.775758,0.3,0.009046,0.641522,0.469073
8-43,8,43,116,4,10050,10,0.70303,0.4,0.000994,0.641366,0.422216
27-30,27,30,116,4,10034,26,0.70303,0.4,0.002584,0.641127,0.422852
23-31,23,31,105,5,9911,149,0.636364,0.5,0.014811,0.64096,0.387743
19-39,19,39,128,3,9923,137,0.775758,0.3,0.013618,0.640836,0.470902
27-33,27,33,116,4,9994,66,0.70303,0.4,0.006561,0.640531,0.424442
3-31,3,31,139,2,9995,65,0.842424,0.2,0.006461,0.640243,0.508039
21-30,21,30,139,2,9963,97,0.842424,0.2,0.009642,0.639766,0.509311
18-26,18,26,127,3,10043,17,0.769697,0.3,0.00169,0.639595,0.462494
40-41,40,41,127,3,10040,20,0.769697,0.3,0.001988,0.63955,0.462613
21-45,21,45,127,3,10037,23,0.769697,0.3,0.002286,0.639506,0.462733
1-28,1,28,139,2,9936,124,0.842424,0.2,0.012326,0.639363,0.510385
31-47,31,47,116,4,9913,147,0.70303,0.4,0.014612,0.639323,0.427663
21-40,21,40,127,3,9996,64,0.769697,0.3,0.006362,0.638894,0.464363
13-47,13,47,127,3,9988,72,0.769697,0.3,0.007157,0.638775,0.464681
10-43,10,43,127,3,9971,89,0.769697,0.3,0.008847,0.638521,0.465357
33-41,33,41,127,3,9958,102,0.769697,0.3,0.010139,0.638328,0.465874
17-36,17,36,115,4,10049,11,0.69697,0.4,0.001093,0.638321,0.418619
23-26,23,26,127,3,9935,125,0.769697,0.3,0.012425,0.637985,0.466788
19-48,19,48,115,4,10026,34,0.69697,0.4,0.00338,0.637978,0.419534
11-41,11,41,127,3,9930,130,0.769697,0.3,0.012922,0.63791,0.466987
6-12,6,12,138,2,10036,24,0.836364,0.2,0.002386,0.637824,0.502772
31-48,31,48,138,2,10024,36,0.836364,0.2,0.003579,0.637645,0.50325
43-44,43,44,138,2,10018,42,0.836364,0.2,0.004175,0.637556,0.503488
20-33,20,33,138,2,10016,44,0.836364,0.2,0.004374,0.637526,0.503568
15-40,15,40,138,2,10005,55,0.836364,0.2,0.005467,0.637362,0.504005
19-46,19,46,115,4,9960,100,0.69697,0.4,0.00994,0.636994,0.422158
9-37,9,37,126,3,10040,20,0.763636,0.3,0.001988,0.63652,0.458977
9-47,9,47,126,3,10040,20,0.763636,0.3,0.001988,0.63652,0.458977
18-44,18,44,126,3,10021,39,0.763636,0.3,0.003877,0.636237,0.459733
22-41,22,41,126,3,10017,43,0.763636,0.3,0.004274,0.636177,0.459892
29-41,29,41,126,3,10001,59,0.763636,0.3,0.005865,0.635938,0.460528
13-41,13,41,126,3,9958,102,0.763636,0.3,0.010139,0.635297,0.462237
7-31,7,31,114,4,10047,13,0.690909,0.4,0.001292,0.635261,0.415062
16-44,16,44,137,2,10058,2,0.830303,0.2,0.000199,0.635122,0.498261
17-46,17,46,137,2,10017,43,0.830303,0.2,0.004274,0.63451,0.499892
11-45,11,45,137,2,9980,80,0.830303,0.2,0.007952,0.633959,0.501363
14-26,14,26,137,2,9967,93,0.830303,0.2,0.009245,0.633765,0.50188
26-39,26,39,125,3,10054,6,0.757576,0.3,0.000596,0.633698,0.454784
37-38,37,38,125,3,10046,14,0.757576,0.3,0.001392,0.633579,0.455102
5-45,5,45,137,2,9950,110,0.830303,0.2,0.010934,0.633511,0.502556
2-14,2,14,125,3,10038,22,0.757576,0.3,0.002187,0.63346,0.45542
2-28,2,28,125,3,10038,22,0.757576,0.3,0.002187,0.63346,0.45542
23-40,23,40,125,3,10035,25,0.757576,0.3,0.002485,0.633415,0.455539
42-45,42,45,114,4,9921,139,0.690909,0.4,0.013817,0.633382,0.420072
5-17,5,17,125,3,10027,33,0.757576,0.3,0.00328,0.633296,0.455858
15-23,15,23,125,3,10019,41,0.757576,0.3,0.004076,0.633177,0.456176
10-46,10,46,137,2,9906,154,0.830303,0.2,0.015308,0.632855,0.504305
14-32,14,32,125,3,9996,64,0.757576,0.3,0.006362,0.632834,0.45709
6-10,6,10,125,3,9993,67,0.757576,0.3,0.00666,0.632789,0.457209
25-43,25,43,125,3,9973,87,0.757576,0.3,0.008648,0.632491,0.458005
19-28,19,28,125,3,9969,91,0.757576,0.3,0.009046,0.632431,0.458164
9-39,9,39,113,4,10054,6,0.684848,0.4,0.000596,0.632335,0.411148
22-45,22,45,113,4,10037,23,0.684848,0.4,0.002286,0.632081,0.411824
16-33,16,33,125,3,9937,123,0.757576,0.3,0.012227,0.631954,0.459436
4-8,4,8,136,2,10038,22,0.824242,0.2,0.002187,0.631793,0.49542
21-47,21,47,136,2,9963,97,0.824242,0.2,0.009642,0.630675,0.498402
6-15,6,15,124,3,10051,9,0.751515,0.3,0.000895,0.630623,0.451267
10-44,10,44,136,2,9955,105,0.824242,0.2,0.010437,0.630556,0.49872
14-44,14,44,136,2,9955,105,0.824242,0.2,0.010437,0.630556,0.49872
8-49,8,49,124,3,10045,15,0.751515,0.3,0.001491,0.630534,0.451506
25-27,25,27,124,3,10034,26,0.751515,0.3,0.002584,0.63037,0.451943
23-28,23,28,136,2,9936,124,0.824242,0.2,0.012326,0.630272,0.499476
10-49,10,49,136,2,9906,154,0.824242,0.2,0.015308,0.629825,0.500669
23-25,23,25,124,3,9993,67,0.751515,0.3,0.00666,0.629759,0.453573
11-39,11,39,124,3,9989,71,0.751515,0.3,0.007058,0.629699,0.453732
25-36,25,36,124,3,9985,75,0.751515,0.3,0.007455,0.629639,0.453891
10-26,10,26,124,3,9970,90,0.751515,0.3,0.008946,0.629416,0.454488
7-42,7,42,112,4,10056,4,0.678788,0.4,0.000398,0.629334,0.407432
5-38,5,38,112,4,10047,13,0.678788,0.4,0.001292,0.6292,0.40779
8-25,8,25,136,2,9862,198,0.824242,0.2,0.019682,0.629169,0.502418
5-40,5,40,124,3,9946,114,0.751515,0.3,0.011332,0.629058,0.455442
34-35,34,35,124,3,9941,119,0.751515,0.3,0.011829,0.628983,0.455641
8-46,8,46,135,2,10050,10,0.818182,0.2,0.000994,0.628942,0.491307
3-19,3,19,124,3,9935,125,0.751515,0.3,0.012425,0.628894,0.455879
21-34,21,34,147,1,9938,122,0.890909,0.1,0.012127,0.628635,0.539396
10-38,10,38,112,4,9981,79,0.678788,0.4,0.007853,0.628216,0.410414
13-46,13,46,135,2,9988,72,0.818182,0.2,0.007157,0.628017,0.493772
10-12,10,12,112,4,9964,96,0.678788,0.4,0.009543,0.627963,0.41109
6-46,6,46,135,2,9960,100,0.818182,0.2,0.00994,0.6276,0.494885
9-14,9,14,135,2,9955,105,0.818182,0.2,0.010437,0.627525,0.495084
9-22,9,22,135,2,9952,108,0.818182,0.2,0.010736,0.627481,0.495203
43-48,43,48,135,2,9952,108,0.818182,0.2,0.010736,0.627481,0.495203
25-48,25,48,146,1,10023,37,0.884848,0.1,0.003678,0.626873,0.53238
17-39,17,39,111,4,10052,8,0.672727,0.4,0.000795,0.626244,0.403954
7-34,7,34,135,2,9854,206,0.818182,0.2,0.020477,0.626019,0.4991
19-24,19,24,111,4,10026,34,0.672727,0.4,0.00338,0.625857,0.404988
20-40,20,40,123,3,9934,126,0.745455,0.3,0.012525,0.625849,0.452283
8-28,8,28,134,2,10038,22,0.812121,0.2,0.002187,0.625733,0.488147
28-45,28,45,146,1,9945,115,0.884848,0.1,0.011431,0.62571,0.535482
3-25,3,25,111,4,10007,53,0.672727,0.4,0.005268,0.625573,0.405744
25-40,25,40,111,4,10005,55,0.672727,0.4,0.005467,0.625544,0.405823
2-48,2,48,111,4,10002,58,0.672727,0.4,0.005765,0.625499,0.405943
20-28,20,28,134,2,10012,48,0.812121,0.2,0.004771,0.625345,0.489181
13-26,13,26,111,4,9979,81,0.672727,0.4,0.008052,0.625156,0.406857
17-24,17,24,134,2,9982,78,0.812121,0.2,0.007753,0.624898,0.490374
2-9,2,9,134,2,9968,92,0.812121,0.2,0.009145,0.624689,0.490931
13-19,13,19,122,3,10058,2,0.739394,0.3,0.000199,0.624667,0.443716
13-44,13,44,122,3,10058,2,0.739394,0.3,0.000199,0.624667,0.443716
30-39,30,39,122,3,10054,6,0.739394,0.3,0.000596,0.624608,0.443875
37-40,37,40,122,3,10040,20,0.739394,0.3,0.001988,0.624399,0.444432
26-49,26,49,122,3,10020,40,0.739394,0.3,0.003976,0.624101,0.445227
13-24,13,24,122,3,10013,47,0.739394,0.3,0.004672,0.623996,0.445505
38-47,38,47,122,3,10011,49,0.739394,0.3,0.004871,0.623966,0.445585
16-27,16,27,122,3,10000,60,0.739394,0.3,0.005964,0.623802,0.446022
9-44,9,44,122,3,9976,84,0.739394,0.3,0.00835,0.623444,0.446976
30-47,30,47,122,3,9974,86,0.739394,0.3,0.008549,0.623415,0.447056
18-24,18,24,110,4,10026,34,0.666667,0.4,0.00338,0.622826,0.401352
11-49,11,49,133,2,10039,21,0.806061,0.2,0.002087,0.622717,0.484471
31-39,31,39,122,3,9923,137,0.739394,0.3,0.013618,0.622654,0.449084
35-40,35,40,133,2,10033,27,0.806061,0.2,0.002684,0.622628,0.48471
3-27,3,27,110,4,10011,49,0.666667,0.4,0.004871,0.622603,0.401948
5-37,5,37,133,2,10027,33,0.806061,0.2,0.00328,0.622538,0.484948
32-36,32,36,133,2,10013,47,0.806061,0.2,0.004672,0.62233,0.485505
14-35,14,35,133,2,9994,66,0.806061,0.2,0.006561,0.622046,0.486261
5-34,5,34,133,2,9981,79,0.806061,0.2,0.007853,0.621852,0.486778
34-45,34,45,110,4,9959,101,0.666667,0.4,0.01004,0.621827,0.404016
29-35,29,35,133,2,9954,106,0.806061,0.2,0.010537,0.62145,0.487851
25-33,25,33,133,2,9947,113,0.806061,0.2,0.011233,0.621345,0.488129
1-9,1,9,144,1,10054,6,0.872727,0.1,0.000596,0.621274,0.523875
19-33,19,33,133,2,9942,118,0.806061,0.2,0.01173,0.621271,0.488328
7-10,7,10,133,2,9924,136,0.806061,0.2,0.013519,0.621002,0.489044
4-37,4,37,144,1,10029,31,0.872727,0.1,0.003082,0.620901,0.524869
16-31,16,31,121,3,10006,54,0.733333,0.3,0.005368,0.620861,0.442147
25-31,25,31,121,3,9980,80,0.733333,0.3,0.007952,0.620474,0.443181
38-46,38,46,109,4,10050,10,0.660606,0.4,0.000994,0.620154,0.396761
19-44,19,44,132,2,10058,2,0.8,0.2,0.000199,0.61997,0.48008
36-45,36,45,132,2,10049,11,0.8,0.2,0.001093,0.619836,0.480437
1-46,1,46,132,2,10048,12,0.8,0.2,0.001193,0.619821,0.480477
22-32,22,32,132,2,10010,50,0.8,0.2,0.00497,0.619254,0.481988
26-46,26,46,132,2,10009,51,0.8,0.2,0.00507,0.61924,0.482028
18-33,18,33,109,4,9966,94,0.660606,0.4,0.009344,0.618901,0.400101
18-32,18,32,121,3,9851,209,0.733333,0.3,0.020775,0.61855,0.44831
13-37,13,37,120,3,10053,7,0.727273,0.3,0.000696,0.618532,0.436642
8-22,8,22,132,2,9957,103,0.8,0.2,0.010239,0.618464,0.484095
10-18,10,18,120,3,10012,48,0.727273,0.3,0.004771,0.617921,0.438272
15-48,15,48,120,3,9998,62,0.727273,0.3,0.006163,0.617712,0.438829
29-36,29,36,132,2,9891,169,0.8,0.2,0.016799,0.61748,0.48672
17-48,17,48,132,2,9880,180,0.8,0.2,0.017893,0.617316,0.487157
14-18,14,18,120,3,9962,98,0.727273,0.3,0.009742,0.617175,0.44026
20-23,20,23,120,3,9954,106,0.727273,0.3,0.010537,0.617056,0.440578
36-44,36,44,108,4,10021,39,0.654545,0.4,0.003877,0.616691,0.394278
13-39,13,39,120,3,9924,136,0.727273,0.3,0.013519,0.616609,0.441771
33-42,33,42,131,2,10031,29,0.793939,0.2,0.002883,0.616537,0.477517
24-41,24,41,120,3,9903,157,0.727273,0.3,0.015606,0.616295,0.442606
27-47,27,47,131,2,10011,49,0.793939,0.2,0.004871,0.616239,0.478312
7-24,7,24,131,2,10006,54,0.793939,0.2,0.005368,0.616165,0.478511
14-19,14,19,131,2,9974,86,0.793939,0.2,0.008549,0.615687,0.479783
1-48,1,48,131,2,9951,109,0.793939,0.2,0.010835,0.615344,0.480698
8-11,8,11,119,3,10042,18,0.721212,0.3,0.001789,0.615338,0.433443
15-39,15,39,131,2,9949,111,0.793939,0.2,0.011034,0.615315,0.480777
29-44,29,44,131,2,9936,124,0.793939,0.2,0.012326,0.615121,0.481294
4-9,4,9,143,1,9841,219,0.866667,0.1,0.021769,0.615068,0.528708
20-45,20,45,131,2,9903,157,0.793939,0.2,0.015606,0.614629,0.482606
7-37,7,37,119,3,9973,87,0.721212,0.3,0.008648,0.614309,0.436187
4-45,4,45,142,1,9978,82,0.860606,0.1,0.008151,0.61408,0.519624
4-5,4,5,131,2,9864,196,0.793939,0.2,0.019483,0.614047,0.484157
32-41,32,41,131,2,9851,209,0.793939,0.2,0.020775,0.613853,0.484674
32-43,32,43,130,2,10010,50,0.787879,0.2,0.00497,0.613194,0.474715
15-18,15,18,130,2,10007,53,0.787879,0.2,0.005268,0.613149,0.474835
7-17,7,17,130,2,9991,69,0.787879,0.2,0.006859,0.612911,0.475471
2-15,2,15,118,3,10051,9,0.715152,0.3,0.000895,0.612442,0.429449
19-26,19,26,118,3,10051,9,0.715152,0.3,0.000895,0.612442,0.429449
13-25,13,25,142,1,9867,193,0.860606,0.1,0.019185,0.612425,0.524038
27-42,27,42,118,3,10044,16,0.715152,0.3,0.00159,0.612337,0.429727
18-40,18,40,118,3,10035,25,0.715152,0.3,0.002485,0.612203,0.430085
16-40,16,40,118,3,10033,27,0.715152,0.3,0.002684,0.612173,0.430164
35-48,35,48,130,2,9941,119,0.787879,0.2,0.011829,0.612165,0.477459
5-19,5,19,118,3,10026,34,0.715152,0.3,0.00338,0.612069,0.430443
8-17,8,17,130,2,9914,146,0.787879,0.2,0.014513,0.611762,0.478532
45-48,45,48,141,1,10023,37,0.854545,0.1,0.003678,0.611721,0.514198
20-39,20,39,142,1,9813,247,0.860606,0.1,0.024553,0.61162,0.526185
9-15,9,15,130,2,9894,166,0.787879,0.2,0.016501,0.611464,0.479328
9-24,9,24,130,2,9893,167,0.787879,0.2,0.0166,0.611449,0.479367
14-30,14,30,118,3,9974,86,0.715152,0.3,0.008549,0.611293,0.43251
5-6,5,6,130,2,9882,178,0.787879,0.2,0.017694,0.611285,0.479805
8-19,8,19,118,3,9969,91,0.715152,0.3,0.009046,0.611219,0.432709
3-37,3,37,130,2,9877,183,0.787879,0.2,0.018191,0.611211,0.480004
15-41,15,41,118,3,9958,102,0.715152,0.3,0.010139,0.611055,0.433147
17-27,17,27,118,3,9953,107,0.715152,0.3,0.010636,0.61098,0.433345
5-30,5,30,141,1,9964,96,0.854545,0.1,0.009543,0.610841,0.516544
3-42,3,42,129,2,10045,15,0.781818,0.2,0.001491,0.610685,0.469687
11-42,11,42,129,2,10015,45,0.781818,0.2,0.004473,0.610238,0.47088
10-28,10,28,129,2,10013,47,0.781818,0.2,0.004672,0.610208,0.47096
10-32,10,32,129,2,10013,47,0.781818,0.2,0.004672,0.610208,0.47096
8-31,8,31,118,3,9900,160,0.715152,0.3,0.015905,0.61019,0.435453
11-29,11,29,106,4,9972,88,0.642424,0.4,0.008748,0.6099,0.388954
43-49,43,49,141,1,9890,170,0.854545,0.1,0.016899,0.609738,0.519487
31-45,31,45,129,2,9980,80,0.781818,0.2,0.007952,0.609716,0.472272
31-32,31,32,118,3,9856,204,0.715152,0.3,0.020278,0.609534,0.437202
3-17,3,17,117,3,10049,11,0.709091,0.3,0.001093,0.609381,0.425892
1-17,1,17,141,1,9859,201,0.854545,0.1,0.01998,0.609276,0.520719
32-44,32,44,141,1,9856,204,0.854545,0.1,0.020278,0.609231,0.520839
7-33,7,33,129,2,9947,113,0.781818,0.2,0.011233,0.609224,0.473584
7-12,7,12,140,1,10036,24,0.848485,0.1,0.002386,0.608885,0.510045
24-35,24,35,117,3,10008,52,0.709091,0.3,0.005169,0.60877,0.427522
13-30,13,30,117,3,10003,57,0.709091,0.3,0.005666,0.608696,0.427721
45-49,45,49,140,1,9990,70,0.848485,0.1,0.006958,0.608199,0.511874
1-42,1,42,128,2,10056,4,0.775758,0.2,0.000398,0.607819,0.465614
19-49,19,49,140,1,9935,125,0.848485,0.1,0.012425,0.607379,0.514061
14-33,14,33,105,4,9994,66,0.636364,0.4,0.006561,0.607198,0.384442
15-20,15,20,117,3,9902,158,0.709091,0.3,0.015706,0.60719,0.431737
26-33,26,33,128,2,10010,50,0.775758,0.2,0.00497,0.607133,0.467443
30-35,30,35,117,3,9892,168,0.709091,0.3,0.0167,0.60704,0.432134
6-24,6,24,140,1,9884,176,0.848485,0.1,0.017495,0.606618,0.516089
1-47,1,47,128,2,9967,93,0.775758,0.2,0.009245,0.606492,0.469152
15-16,15,16,116,3,10055,5,0.70303,0.3,0.000497,0.606441,0.422017
19-31,19,31,105,4,9942,118,0.636364,0.4,0.01173,0.606422,0.38651
7-16,7,16,116,3,10041,19,0.70303,0.3,0.001889,0.606232,0.422574
19-32,19,32,140,1,9837,223,0.848485,0.1,0.022167,0.605917,0.517958
4-41,4,41,116,3,10018,42,0.70303,0.3,0.004175,0.605889,0.423488
12-47,12,47,128,2,9910,150,0.775758,0.2,0.014911,0.605642,0.471419
8-10,8,10,128,2,9900,160,0.775758,0.2,0.015905,0.605493,0.471816
21-43,21,43,116,3,9989,71,0.70303,0.3,0.007058,0.605457,0.424641
4-36,4,36,116,3,9985,75,0.70303,0.3,0.007455,0.605397,0.4248
28-31,28,31,116,3,9984,76,0.70303,0.3,0.007555,0.605382,0.42484
31-49,31,49,116,3,9939,121,0.70303,0.3,0.012028,0.604711,0.426629
8-9,8,9,127,2,10050,10,0.769697,0.2,0.000994,0.604699,0.462216
40-44,40,44,127,2,10030,30,0.769697,0.2,0.002982,0.604401,0.463011
12-46,12,46,128,2,9825,235,0.775758,0.2,0.02336,0.604375,0.474798
19-43,19,43,116,3,9912,148,0.70303,0.3,0.014712,0.604308,0.427703
44-45,44,45,127,2,10023,37,0.769697,0.2,0.003678,0.604297,0.463289
25-34,25,34,139,1,9931,129,0.842424,0.1,0.012823,0.604289,0.510584
41-46,41,46,127,2,10017,43,0.769697,0.2,0.004274,0.604207,0.463528
18-28,18,28,127,2,10012,48,0.769697,0.2,0.004771,0.604133,0.463727
2-3,2,3,127,2,10007,53,0.769697,0.2,0.005268,0.604058,0.463926
29-48,29,48,139,1,9881,179,0.842424,0.1,0.017793,0.603543,0.512572
10-41,10,41,127,2,9970,90,0.769697,0.2,0.008946,0.603507,0.465397
9-49,9,49,115,3,10052,8,0.69697,0.3,0.000795,0.603366,0.4185
6-27,6,27,127,2,9960,100,0.769697,0.2,0.00994,0.603357,0.465794
3-39,3,39,115,3,10049,11,0.69697,0.3,0.001093,0.603321,0.418619
21-29,21,29,127,2,9957,103,0.769697,0.2,0.010239,0.603313,0.465914
25-30,25,30,115,3,10034,26,0.69697,0.3,0.002584,0.603097,0.419216
19-34,19,34,127,2,9941,119,0.769697,0.2,0.011829,0.603074,0.46655
12-28,12,28,115,3,10032,28,0.69697,0.3,0.002783,0.603067,0.419295
20-43,20,43,127,2,9903,157,0.769697,0.2,0.015606,0.602508,0.468061
36-46,36,46,138,1,10014,46,0.836364,0.1,0.004573,0.602496,0.503647
10-23,10,23,115,3,9993,67,0.69697,0.3,0.00666,0.602486,0.420846
2-45,2,45,127,2,9883,177,0.769697,0.2,0.017594,0.602209,0.468856
9-12,9,12,138,1,9976,84,0.836364,0.1,0.00835,0.601929,0.505158
10-42,10,42,115,3,9955,105,0.69697,0.3,0.010437,0.601919,0.422357
10-11,10,11,126,2,10055,5,0.763636,0.2,0.000497,0.601744,0.458381
8-47,8,47,127,2,9822,238,0.769697,0.2,0.023658,0.6013,0.471281
43-47,43,47,126,2,10018,42,0.763636,0.2,0.004175,0.601192,0.459852
4-31,4,31,126,2,10016,44,0.763636,0.2,0.004374,0.601162,0.459931
15-30,15,30,126,2,9964,96,0.763636,0.2,0.009543,0.600387,0.461999
6-34,6,34,126,2,9959,101,0.763636,0.2,0.01004,0.600312,0.462198
33-36,33,36,114,3,10049,11,0.690909,0.3,0.001093,0.600291,0.414983
32-46,32,46,114,3,10048,12,0.690909,0.3,0.001193,0.600276,0.415023
18-27,18,27,138,1,9860,200,0.836364,0.1,0.019881,0.6002,0.50977
42-46,42,46,126,2,9920,140,0.763636,0.2,0.013917,0.599731,0.463748
8-12,8,12,126,2,9914,146,0.763636,0.2,0.014513,0.599641,0.463987
27-43,27,43,114,3,9997,63,0.690909,0.3,0.006262,0.599515,0.41705
6-20,6,20,114,3,9968,92,0.690909,0.3,0.009145,0.599083,0.418204
12-42,12,42,102,4,10015,45,0.618182,0.4,0.004473,0.59842,0.372698
27-29,27,29,125,2,10034,26,0.757576,0.2,0.002584,0.5984,0.455579
11-33,11,33,137,1,9942,118,0.830303,0.1,0.01173,0.598392,0.502874
11-40,11,40,125,2,10005,55,0.757576,0.2,0.005467,0.597968,0.456732
23-29,23,29,125,2,9954,106,0.757576,0.2,0.010537,0.597207,0.45876
7-14,7,14,136,1,10056,4,0.824242,0.1,0.000398,0.597062,0.494705
35-46,35,46,125,2,9941,119,0.757576,0.2,0.011829,0.597014,0.459277
20-25,20,25,136,1,10034,26,0.824242,0.1,0.002584,0.596734,0.495579
6-40,6,40,137,1,9826,234,0.830303,0.1,0.02326,0.596662,0.507486
18-25,18,25,113,3,10007,53,0.684848,0.3,0.005268,0.596634,0.413016
4-20,4,20,136,1,10016,44,0.824242,0.1,0.004374,0.596465,0.496295
14-16,14,16,113,3,9974,86,0.684848,0.3,0.008549,0.596142,0.414329
40-43,40,43,113,3,9973,87,0.684848,0.3,0.008648,0.596127,0.414368
34-39,34,39,113,3,9959,101,0.684848,0.3,0.01004,0.595918,0.414925
4-19,4,19,136,1,9977,83,0.824242,0.1,0.00825,0.595884,0.497846
9-16,9,16,125,2,9855,205,0.757576,0.2,0.020378,0.595731,0.462697
16-20,16,20,113,3,9934,126,0.684848,0.3,0.012525,0.595546,0.415919
32-39,32,39,136,1,9949,111,0.824242,0.1,0.011034,0.595466,0.498959
1-45,1,45,124,2,10037,23,0.751515,0.2,0.002286,0.595415,0.451824
10-35,10,35,136,1,9944,116,0.824242,0.1,0.011531,0.595392,0.499158
6-43,6,43,113,3,9911,149,0.684848,0.3,0.014811,0.595203,0.416834
14-40,14,40,124,2,9996,64,0.751515,0.2,0.006362,0.594803,0.453454
3-40,3,40,112,3,10033,27,0.678788,0.3,0.002684,0.593991,0.408346
6-11,6,11,136,1,9823,237,0.824242,0.1,0.023559,0.593587,0.503969
2-41,2,41,112,3,10001,59,0.678788,0.3,0.005865,0.593514,0.409619
36-41,36,41,124,2,9905,155,0.751515,0.2,0.015408,0.593446,0.457072
2-40,2,40,135,1,10002,58,0.818182,0.1,0.005765,0.593226,0.493215
3-5,3,5,124,2,9888,172,0.751515,0.2,0.017097,0.593193,0.457748
26-45,26,45,124,2,9888,172,0.751515,0.2,0.017097,0.593193,0.457748
23-41,23,41,112,3,9978,82,0.678788,0.3,0.008151,0.593171,0.410533
5-23,5,23,112,3,9975,85,0.678788,0.3,0.008449,0.593127,0.410652
32-34,32,34,124,2,9877,183,0.751515,0.2,0.018191,0.593029,0.458185
9-45,9,45,123,2,10050,10,0.745455,0.2,0.000994,0.592578,0.44767
14-31,14,31,135,1,9939,121,0.818182,0.1,0.012028,0.592287,0.49572
1-3,1,3,123,2,10030,30,0.745455,0.2,0.002982,0.59228,0.448466
9-33,9,33,123,2,10024,36,0.745455,0.2,0.003579,0.59219,0.448704
5-41,5,41,112,3,9897,163,0.678788,0.3,0.016203,0.591964,0.413754
12-17,12,17,135,1,9914,146,0.818182,0.1,0.014513,0.591914,0.496714
19-29,19,29,123,2,10001,59,0.745455,0.2,0.005865,0.591848,0.449619
5-20,5,20,135,1,9902,158,0.818182,0.1,0.015706,0.591735,0.497191
4-49,4,49,123,2,9986,74,0.745455,0.2,0.007356,0.591624,0.450215
14-43,14,43,111,3,10038,22,0.672727,0.3,0.002187,0.591036,0.404511
19-38,19,38,123,2,9940,120,0.745455,0.2,0.011928,0.590938,0.452044
12-21,12,21,135,1,9825,235,0.818182,0.1,0.02336,0.590587,0.500253
2-36,2,36,111,3,10002,58,0.672727,0.3,0.005765,0.590499,0.405943
18-47,18,47,123,2,9908,152,0.745455,0.2,0.015109,0.590461,0.453316
20-44,20,44,134,1,10016,44,0.812121,0.1,0.004374,0.590405,0.489022
10-34,10,34,111,3,9981,79,0.672727,0.3,0.007853,0.590186,0.406778
12-27,12,27,134,1,9997,63,0.812121,0.1,0.006262,0.590121,0.489778
12-31,12,31,134,1,9997,63,0.812121,0.1,0.006262,0.590121,0.489778
4-35,4,35,122,2,10060,0,0.739394,0.2,0.0,0.589697,0.443636
5-49,5,49,122,2,10048,12,0.739394,0.2,0.001193,0.589518,0.444114
38-39,38,39,123,2,9832,228,0.745455,0.2,0.022664,0.589328,0.456338
27-45,27,45,122,2,9990,70,0.739394,0.2,0.006958,0.588653,0.44642
16-28,16,28,122,2,9985,75,0.739394,0.2,0.007455,0.588579,0.446618
23-47,23,47,122,2,9974,86,0.739394,0.2,0.008549,0.588415,0.447056
9-21,9,21,146,0,9791,269,0.884848,0.0,0.02674,0.588413,0.541605
13-49,13,49,110,3,10053,7,0.666667,0.3,0.000696,0.588229,0.400278
8-48,8,48,134,1,9870,190,0.812121,0.1,0.018887,0.588228,0.494827
4-21,4,21,134,1,9868,192,0.812121,0.1,0.019085,0.588198,0.494907
18-29,18,29,122,2,9954,106,0.739394,0.2,0.010537,0.588116,0.447851
27-41,27,41,122,2,9947,113,0.739394,0.2,0.011233,0.588012,0.448129
12-13,12,13,110,3,10036,24,0.666667,0.3,0.002386,0.587975,0.400954
9-29,9,29,133,1,10052,8,0.806061,0.1,0.000795,0.587911,0.483954
24-32,24,32,110,3,10013,47,0.666667,0.3,0.004672,0.587633,0.401869
1-33,1,33,134,1,9824,236,0.812121,0.1,0.023459,0.587542,0.496656
7-15,7,15,122,2,9901,159,0.739394,0.2,0.015805,0.587326,0.449958
1-23,1,23,110,3,9951,109,0.666667,0.3,0.010835,0.586708,0.404334
1-49,1,49,121,2,10048,12,0.733333,0.2,0.001193,0.586488,0.440477
40-47,40,47,121,2,10040,20,0.733333,0.2,0.001988,0.586368,0.440795
9-18,9,18,121,2,10012,48,0.733333,0.2,0.004771,0.585951,0.441909
21-27,21,27,121,2,9999,61,0.733333,0.2,0.006064,0.585757,0.442425
40-45,40,45,121,2,9980,80,0.733333,0.2,0.007952,0.585474,0.443181
14-47,14,47,121,2,9974,86,0.733333,0.2,0.008549,0.585384,0.443419
13-31,13,31,109,3,10047,13,0.660606,0.3,0.001292,0.585109,0.396881
7-26,7,26,145,0,9766,294,0.878788,0.0,0.029225,0.58501,0.538963
1-25,1,25,133,1,9845,215,0.806061,0.1,0.021372,0.584825,0.492185
11-27,11,27,133,1,9845,215,0.806061,0.1,0.021372,0.584825,0.492185
12-35,12,35,132,1,10033,27,0.8,0.1,0.002684,0.584597,0.481074
16-26,16,26,109,3,9992,68,0.660606,0.3,0.006759,0.584289,0.399067
23-43,23,43,109,3,9983,77,0.660606,0.3,0.007654,0.584155,0.399425
9-13,9,13,132,1,10003,57,0.8,0.1,0.005666,0.58415,0.482266
32-38,32,38,132,1,9996,64,0.8,0.1,0.006362,0.584046,0.482545
27-34,27,34,121,2,9877,183,0.733333,0.2,0.018191,0.583938,0.447276
5-13,5,13,120,2,10047,13,0.727273,0.2,0.001292,0.583443,0.436881
9-11,9,11,132,1,9942,118,0.8,0.1,0.01173,0.583241,0.484692
7-44,7,44,132,1,9901,159,0.8,0.1,0.015805,0.582629,0.486322
25-49,25,49,120,2,9982,78,0.727273,0.2,0.007753,0.582473,0.439465
16-47,16,47,120,2,9974,86,0.727273,0.2,0.008549,0.582354,0.439783
6-9,6,9,120,2,9968,92,0.727273,0.2,0.009145,0.582265,0.440022
15-45,15,45,132,1,9857,203,0.8,0.1,0.020179,0.581973,0.488072
5-36,5,36,131,1,10027,33,0.793939,0.1,0.00328,0.581478,0.477676
17-19,17,19,132,1,9823,237,0.8,0.1,0.023559,0.581466,0.489423
21-24,21,24,131,1,10025,35,0.793939,0.1,0.003479,0.581448,0.477755
7-38,7,38,119,2,10047,13,0.721212,0.2,0.001292,0.580412,0.433244
28-33,28,33,119,2,10032,28,0.721212,0.2,0.002783,0.580189,0.433841
1-44,1,44,119,2,10030,30,0.721212,0.2,0.002982,0.580159,0.43392
17-41,17,41,119,2,10017,43,0.721212,0.2,0.004274,0.579965,0.434437
31-40,31,40,119,2,10002,58,0.721212,0.2,0.005765,0.579741,0.435033
40-48,40,48,119,2,10002,58,0.721212,0.2,0.005765,0.579741,0.435033
5-33,5,33,119,2,9981,79,0.721212,0.2,0.007853,0.579428,0.435868
7-40,7,40,119,2,9973,87,0.721212,0.2,0.008648,0.579309,0.436187
4-26,4,26,119,2,9970,90,0.721212,0.2,0.008946,0.579264,0.436306
5-32,5,32,107,3,10048,12,0.648485,0.3,0.001193,0.579063,0.389568
12-45,12,45,119,2,9950,110,0.721212,0.2,0.010934,0.578966,0.437101
44-46,44,46,130,1,10059,1,0.787879,0.1,9.9e-05,0.578924,0.472767
6-44,6,44,130,1,10058,2,0.787879,0.1,0.000199,0.57891,0.472807
1-10,1,10,130,1,10055,5,0.787879,0.1,0.000497,0.578865,0.472926
35-45,35,45,119,2,9929,131,0.721212,0.2,0.013022,0.578653,0.437936
19-40,19,40,130,1,10040,20,0.787879,0.1,0.001988,0.578641,0.473523
21-44,21,44,143,0,9742,318,0.866667,0.0,0.03161,0.578592,0.532644
7-22,7,22,119,2,9924,136,0.721212,0.2,0.013519,0.578578,0.438135
28-30,28,30,130,1,10032,28,0.787879,0.1,0.002783,0.578522,0.473841
24-26,24,26,107,3,10010,50,0.648485,0.3,0.00497,0.578497,0.391079
2-46,2,46,119,2,9909,151,0.721212,0.2,0.01501,0.578355,0.438731
20-32,20,32,130,1,10008,52,0.787879,0.1,0.005169,0.578164,0.474795
32-47,32,47,130,1,9988,72,0.787879,0.1,0.007157,0.577866,0.47559
22-23,22,23,107,3,9966,94,0.648485,0.3,0.009344,0.577841,0.392828
17-45,17,45,118,2,10049,11,0.715152,0.2,0.001093,0.577412,0.429528
7-11,7,11,118,2,10041,19,0.715152,0.2,0.001889,0.577292,0.429846
3-11,3,11,130,1,9945,115,0.787879,0.1,0.011431,0.577225,0.4773
26-31,26,31,130,1,9907,153,0.787879,0.1,0.015209,0.576658,0.478811
4-7,4,7,118,2,9978,82,0.715152,0.2,0.008151,0.576353,0.432351
30-44,30,44,130,1,9838,222,0.787879,0.1,0.022068,0.575629,0.481554
23-46,23,46,118,2,9927,133,0.715152,0.2,0.013221,0.575593,0.434379
37-39,37,39,118,2,9924,136,0.715152,0.2,0.013519,0.575548,0.434498
20-37,20,37,130,1,9813,247,0.787879,0.1,0.024553,0.575256,0.482548
8-23,8,23,106,3,9983,77,0.642424,0.3,0.007654,0.575064,0.388516
11-14,11,14,118,2,9874,186,0.715152,0.2,0.018489,0.574802,0.436487
27-32,27,32,106,3,9949,111,0.642424,0.3,0.011034,0.574557,0.389868
32-45,32,45,129,1,9877,183,0.781818,0.1,0.018191,0.57318,0.476367
7-48,7,48,141,0,9757,303,0.854545,0.0,0.030119,0.572755,0.524775
21-25,21,25,128,1,10007,53,0.775758,0.1,0.005268,0.572089,0.467562
10-25,10,25,128,1,9993,67,0.775758,0.1,0.00666,0.57188,0.468119
14-39,14,39,105,3,9962,98,0.636364,0.3,0.009742,0.571721,0.385715
12-39,12,39,128,1,9962,98,0.775758,0.1,0.009742,0.571418,0.469351
1-19,1,19,116,2,10036,24,0.70303,0.2,0.002386,0.571157,0.422772
7-21,7,21,128,1,9895,165,0.775758,0.1,0.016402,0.570419,0.472015
1-4,1,4,127,1,10029,31,0.769697,0.1,0.003082,0.569386,0.463051
35-38,35,38,115,2,10060,0,0.69697,0.2,0.0,0.568485,0.418182
19-41,19,41,115,2,10040,20,0.69697,0.2,0.001988,0.568187,0.418977
6-14,6,14,127,1,9943,117,0.769697,0.1,0.01163,0.568104,0.46647
23-39,23,39,115,2,10021,39,0.69697,0.2,0.003877,0.567903,0.419733
42-47,42,47,140,0,9622,438,0.848485,0.0,0.043539,0.567712,0.526506
3-18,3,18,115,2,10007,53,0.69697,0.2,0.005268,0.567695,0.420289
5-39,5,39,115,2,9989,71,0.69697,0.2,0.007058,0.567426,0.421005
21-42,21,42,139,0,9804,256,0.842424,0.0,0.025447,0.567395,0.515633
4-46,4,46,139,0,9797,263,0.842424,0.0,0.026143,0.567291,0.515912
9-25,9,25,139,0,9737,323,0.842424,0.0,0.032107,0.566396,0.518297
3-6,3,6,127,1,9826,234,0.769697,0.1,0.02326,0.566359,0.471122
14-46,14,46,127,1,9825,235,0.769697,0.1,0.02336,0.566345,0.471162
36-47,36,47,127,1,9812,248,0.769697,0.1,0.024652,0.566151,0.471679
30-31,30,31,115,2,9890,170,0.69697,0.2,0.016899,0.56595,0.424941
16-25,16,25,126,1,9985,75,0.763636,0.1,0.007455,0.5657,0.461164
7-28,7,28,126,1,9973,87,0.763636,0.1,0.008648,0.565521,0.461641
9-41,9,41,114,2,10040,20,0.690909,0.2,0.001988,0.565156,0.415341
1-35,1,35,140,0,9433,627,0.848485,0.0,0.062326,0.564894,0.534021
12-41,12,41,114,2,10020,40,0.690909,0.2,0.003976,0.564858,0.416136
26-44,26,44,126,1,9907,153,0.763636,0.1,0.015209,0.564537,0.464265
25-39,25,39,138,0,9808,252,0.836364,0.0,0.02505,0.564424,0.511838
3-29,3,29,126,1,9888,172,0.763636,0.1,0.017097,0.564254,0.465021
9-23,9,23,114,2,9976,84,0.690909,0.2,0.00835,0.564202,0.417885
38-41,38,41,114,2,9970,90,0.690909,0.2,0.008946,0.564113,0.418124
10-19,10,19,114,2,9961,99,0.690909,0.2,0.009841,0.563978,0.418482
21-41,21,41,138,0,9776,284,0.836364,0.0,0.028231,0.563947,0.51311
1-22,1,22,102,3,10037,23,0.618182,0.3,0.002286,0.563748,0.371824
3-16,3,16,102,3,10033,27,0.618182,0.3,0.002684,0.563688,0.371983
6-49,6,49,139,0,9554,506,0.842424,0.0,0.050298,0.563667,0.525574
25-46,25,46,125,1,10034,26,0.757576,0.1,0.002584,0.5634,0.455579
41-48,41,48,114,2,9919,141,0.690909,0.2,0.014016,0.563352,0.420152
34-47,34,47,126,1,9820,240,0.763636,0.1,0.023857,0.56324,0.467725
14-22,14,22,114,2,9889,171,0.690909,0.2,0.016998,0.562905,0.421345
18-30,18,30,125,1,9991,69,0.757576,0.1,0.006859,0.562759,0.457289
29-49,29,49,113,2,10052,8,0.684848,0.2,0.000795,0.562305,0.411227
3-38,3,38,113,2,10011,49,0.684848,0.2,0.004871,0.561694,0.412857
1-31,1,31,113,2,9997,63,0.684848,0.2,0.006262,0.561485,0.413414
29-45,29,45,125,1,9888,172,0.757576,0.1,0.017097,0.561223,0.461384
19-30,19,30,113,2,9977,83,0.684848,0.2,0.00825,0.561187,0.414209
1-13,1,13,124,1,10036,24,0.751515,0.1,0.002386,0.5604,0.451863
32-33,32,33,124,1,10010,50,0.751515,0.1,0.00497,0.560012,0.452897
16-48,16,48,113,2,9898,162,0.684848,0.2,0.016103,0.560009,0.41735
5-27,5,27,137,0,9694,366,0.830303,0.0,0.036382,0.559694,0.512735
4-29,4,29,124,1,9965,95,0.751515,0.1,0.009443,0.559341,0.454686
34-43,34,43,124,1,9956,104,0.751515,0.1,0.010338,0.559207,0.455044
2-47,2,47,101,3,9932,128,0.612121,0.3,0.012724,0.559152,0.372362
6-32,6,32,124,1,9944,116,0.751515,0.1,0.011531,0.559028,0.455521
11-31,11,31,112,2,9980,80,0.678788,0.2,0.007952,0.558201,0.410454
25-32,25,32,124,1,9867,193,0.751515,0.1,0.019185,0.55788,0.458583
20-41,20,41,100,3,10020,40,0.606061,0.3,0.003976,0.557434,0.365227
9-40,9,40,123,1,10040,20,0.745455,0.1,0.001988,0.557429,0.448068
1-40,1,40,123,1,10030,30,0.745455,0.1,0.002982,0.55728,0.448466
21-26,21,26,123,1,10009,51,0.745455,0.1,0.00507,0.556967,0.449301
16-29,16,29,123,1,10006,54,0.745455,0.1,0.005368,0.556922,0.44942
3-10,3,10,123,1,10003,57,0.745455,0.1,0.005666,0.556877,0.449539
6-25,6,25,123,1,9993,67,0.745455,0.1,0.00666,0.556728,0.449937
7-43,7,43,123,1,9973,87,0.745455,0.1,0.008648,0.55643,0.450732
30-32,30,32,123,1,9972,88,0.745455,0.1,0.008748,0.556415,0.450772
6-41,6,41,111,2,10001,59,0.672727,0.2,0.005865,0.555484,0.405982
30-45,30,45,123,1,9892,168,0.745455,0.1,0.0167,0.555222,0.453953
2-32,2,32,123,1,9867,193,0.745455,0.1,0.019185,0.55485,0.454947
7-36,7,36,123,1,9857,203,0.745455,0.1,0.020179,0.5547,0.455344
5-18,5,18,99,3,10026,34,0.6,0.3,0.00338,0.554493,0.361352
24-44,24,44,123,1,9832,228,0.745455,0.1,0.022664,0.554328,0.456338
41-44,41,44,122,1,10018,42,0.739394,0.1,0.004175,0.554071,0.445306
3-41,3,41,110,2,10018,42,0.666667,0.2,0.004175,0.552707,0.40167
25-47,25,47,122,1,9845,215,0.739394,0.1,0.021372,0.551491,0.452185
5-42,5,42,121,1,10047,13,0.733333,0.1,0.001292,0.551473,0.440517
16-43,16,43,121,1,9983,77,0.733333,0.1,0.007654,0.550519,0.443062
32-40,32,40,109,2,9996,64,0.660606,0.2,0.006362,0.549349,0.398908
9-27,9,27,109,2,9995,65,0.660606,0.2,0.006461,0.549334,0.398948
32-48,32,48,121,1,9875,185,0.733333,0.1,0.01839,0.548908,0.447356
1-18,1,18,121,1,9869,191,0.733333,0.1,0.018986,0.548819,0.447594
14-17,14,17,121,1,9859,201,0.733333,0.1,0.01998,0.54867,0.447992
24-39,24,39,121,1,9832,228,0.733333,0.1,0.022664,0.548267,0.449066
18-45,18,45,120,1,9959,101,0.727273,0.1,0.01004,0.54713,0.44038
19-20,19,20,109,2,9843,217,0.660606,0.2,0.021571,0.547067,0.404992
7-27,7,27,120,1,9947,113,0.727273,0.1,0.011233,0.546951,0.440857
4-14,4,14,108,2,10038,22,0.654545,0.2,0.002187,0.546945,0.393602
21-31,21,31,109,2,9829,231,0.660606,0.2,0.022962,0.546859,0.405549
4-18,4,18,108,2,9993,67,0.654545,0.2,0.00666,0.546274,0.395391
3-32,3,32,120,1,9877,183,0.727273,0.1,0.018191,0.545908,0.44364
22-40,22,40,119,1,10057,3,0.721212,0.1,0.000298,0.545561,0.432847
8-40,8,40,108,2,9928,132,0.654545,0.2,0.013121,0.545305,0.397976
39-40,39,40,132,0,9745,315,0.8,0.0,0.031312,0.545303,0.492525
25-26,25,26,132,0,9737,323,0.8,0.0,0.032107,0.545184,0.492843
6-47,6,47,132,0,9735,325,0.8,0.0,0.032306,0.545154,0.492922
28-47,28,47,119,1,9988,72,0.721212,0.1,0.007157,0.544533,0.43559
27-48,27,48,107,2,9999,61,0.648485,0.2,0.006064,0.543333,0.391516
41-42,41,42,119,1,9903,157,0.721212,0.1,0.015606,0.543265,0.43897
7-20,7,20,131,0,9806,254,0.793939,0.0,0.025249,0.543182,0.486463
4-40,4,40,131,0,9794,266,0.793939,0.0,0.026441,0.543003,0.48694
14-15,14,15,107,2,9967,93,0.648485,0.2,0.009245,0.542856,0.392789
7-32,7,32,118,1,10048,12,0.715152,0.1,0.001193,0.542397,0.429568
11-20,11,20,119,1,9843,217,0.721212,0.1,0.021571,0.54237,0.441356
22-31,22,31,131,0,9747,313,0.793939,0.0,0.031113,0.542303,0.488809
5-8,5,8,118,1,9957,103,0.715152,0.1,0.010239,0.54104,0.433186
7-19,7,19,106,2,10036,24,0.642424,0.2,0.002386,0.540854,0.386409
13-45,13,45,130,0,9802,258,0.787879,0.0,0.025646,0.540092,0.482986
10-45,10,45,130,0,9779,281,0.787879,0.0,0.027932,0.53975,0.4839
7-9,7,9,130,0,9725,335,0.787879,0.0,0.0333,0.538944,0.486047
17-26,17,26,106,2,9907,153,0.642424,0.2,0.015209,0.538931,0.391538
13-29,13,29,130,0,9723,337,0.787879,0.0,0.033499,0.538915,0.486127
3-30,3,30,117,1,10003,57,0.709091,0.1,0.005666,0.538696,0.427721
24-40,24,40,117,1,10002,58,0.709091,0.1,0.005765,0.538681,0.427761
16-21,16,21,117,1,9975,85,0.709091,0.1,0.008449,0.538278,0.428834
28-40,28,40,105,2,10057,3,0.636364,0.2,0.000298,0.538137,0.381937
3-46,3,46,105,2,10011,49,0.636364,0.2,0.004871,0.537451,0.383766
7-18,7,18,105,2,9991,69,0.636364,0.2,0.006859,0.537153,0.384562
28-34,28,34,129,0,9798,262,0.781818,0.0,0.026044,0.537003,0.479508
5-14,5,14,116,1,9981,79,0.70303,0.1,0.007853,0.535337,0.424959
25-41,25,41,116,1,9947,113,0.70303,0.1,0.011233,0.53483,0.426311
10-40,10,40,116,1,9946,114,0.70303,0.1,0.011332,0.534815,0.426351
28-38,28,38,116,1,9936,124,0.70303,0.1,0.012326,0.534666,0.426749
12-38,12,38,128,0,9806,254,0.775758,0.0,0.025249,0.534092,0.475554
15-32,15,32,104,2,9949,111,0.630303,0.2,0.011034,0.533496,0.382595
19-25,19,25,128,0,9765,295,0.775758,0.0,0.029324,0.53348,0.477184
40-42,40,42,115,1,10057,3,0.69697,0.1,0.000298,0.53344,0.418301
47-49,47,49,128,0,9740,320,0.775758,0.0,0.031809,0.533107,0.478178
3-22,3,22,115,1,10028,32,0.69697,0.1,0.003181,0.533008,0.419454
3-21,3,21,115,1,10007,53,0.69697,0.1,0.005268,0.532695,0.420289
21-35,21,35,115,1,9892,168,0.69697,0.1,0.0167,0.53098,0.424862
12-32,12,32,115,1,9875,185,0.69697,0.1,0.01839,0.530726,0.425538
29-33,29,33,115,1,9850,210,0.69697,0.1,0.020875,0.530354,0.426532
8-32,8,32,126,0,9796,264,0.763636,0.0,0.026243,0.527882,0.468679
30-41,30,41,113,1,10020,40,0.684848,0.1,0.003976,0.526828,0.4125
28-39,28,39,113,1,9989,71,0.684848,0.1,0.007058,0.526366,0.413732
2-49,2,49,126,0,9674,386,0.763636,0.0,0.03837,0.526063,0.47353
6-28,6,28,113,1,9960,100,0.684848,0.1,0.00994,0.525933,0.414885
13-21,13,21,125,0,9746,314,0.757576,0.0,0.031213,0.524106,0.467031
9-32,9,32,113,1,9833,227,0.684848,0.1,0.022565,0.52404,0.419935
30-40,30,40,112,1,9881,179,0.678788,0.1,0.017793,0.521725,0.41439
14-41,14,41,112,1,9874,186,0.678788,0.1,0.018489,0.521621,0.414668
5-25,5,25,124,0,9738,322,0.751515,0.0,0.032008,0.520956,0.463712
10-31,10,31,111,1,9900,160,0.672727,0.1,0.015905,0.518978,0.409998
1-2,1,2,123,0,9676,384,0.745455,0.0,0.038171,0.517002,0.462541
7-47,7,47,122,0,9796,264,0.739394,0.0,0.026243,0.515761,0.454133
45-47,45,47,122,0,9779,281,0.739394,0.0,0.027932,0.515507,0.454809
20-36,20,36,122,0,9740,320,0.739394,0.0,0.031809,0.514926,0.45636
36-40,36,40,109,1,10002,58,0.660606,0.1,0.005765,0.514438,0.39867
13-40,13,40,97,2,10035,25,0.587879,0.2,0.002485,0.513567,0.353721
33-40,33,40,109,1,9872,188,0.660606,0.1,0.018688,0.5125,0.403839
26-36,26,36,108,1,10042,18,0.654545,0.1,0.001789,0.512004,0.393443
20-47,20,47,108,1,10011,49,0.654545,0.1,0.004871,0.511542,0.394676
34-41,34,41,120,0,9776,284,0.727273,0.0,0.028231,0.509402,0.447656
19-45,19,45,120,0,9769,291,0.727273,0.0,0.028926,0.509297,0.447934
14-25,14,25,120,0,9765,295,0.727273,0.0,0.029324,0.509238,0.448093
31-42,31,42,107,1,10047,13,0.648485,0.1,0.001292,0.509049,0.389608
8-27,8,27,107,1,9863,197,0.648485,0.1,0.019583,0.506305,0.396924
4-32,4,32,119,0,9702,358,0.721212,0.0,0.035586,0.505268,0.446962
2-5,2,5,119,0,9634,426,0.721212,0.0,0.042346,0.504254,0.449666
12-25,12,25,118,0,9618,442,0.715152,0.0,0.043936,0.500985,0.446665
23-32,23,32,105,1,9867,193,0.636364,0.1,0.019185,0.500304,0.389492
15-29,15,29,117,0,9710,350,0.709091,0.0,0.034791,0.499327,0.439371
1-41,1,41,116,0,9703,357,0.70303,0.0,0.035487,0.496192,0.436013
3-24,3,24,103,1,9984,76,0.624242,0.1,0.007555,0.495988,0.377567
3-7,3,7,115,0,9796,264,0.69697,0.0,0.026243,0.494548,0.428679
28-41,28,41,115,0,9787,273,0.69697,0.0,0.027137,0.494414,0.429037
25-35,25,35,114,0,9737,323,0.690909,0.0,0.032107,0.490638,0.427388
14-45,14,45,111,0,9770,290,0.672727,0.0,0.028827,0.48204,0.415167
27-40,27,40,110,0,9553,507,0.666667,0.0,0.050398,0.475774,0.420159
1-20,1,20,108,0,9763,297,0.654545,0.0,0.029523,0.472844,0.404536
32-42,32,42,108,0,9743,317,0.654545,0.0,0.031511,0.472546,0.405332
40-46,40,46,108,0,9659,401,0.654545,0.0,0.039861,0.471294,0.408672
15-46,15,46,107,0,9754,306,0.648485,0.0,0.030417,0.46968,0.401258
15-42,15,42,103,0,9809,251,0.624242,0.0,0.02495,0.458379,0.384526
16-22,16,22,103,0,9617,443,0.624242,0.0,0.044036,0.455516,0.39216
24-47,24,47,92,0,9773,287,0.557576,0.0,0.028529,0.424509,0.345957
